-- -------------------------------------------------------------
-- -------------------------------------------------------------
-- TablePlus 1.1.4
--
-- https://tableplus.com/
--
-- Database: mysql
-- Generation Time: 2024-04-18 01:43:55.403524
-- -------------------------------------------------------------

CREATE TABLE `activity_log` (
  `id` bigint unsigned NOT NULL AUTO_INCREMENT,
  `log_name` varchar(255) COLLATE utf8mb4_unicode_ci DEFAULT NULL,
  `description` text COLLATE utf8mb4_unicode_ci NOT NULL,
  `subject_type` varchar(255) COLLATE utf8mb4_unicode_ci DEFAULT NULL,
  `event` varchar(255) COLLATE utf8mb4_unicode_ci DEFAULT NULL,
  `subject_id` bigint unsigned DEFAULT NULL,
  `causer_type` varchar(255) COLLATE utf8mb4_unicode_ci DEFAULT NULL,
  `causer_id` bigint unsigned DEFAULT NULL,
  `properties` json DEFAULT NULL,
  `batch_uuid` char(36) COLLATE utf8mb4_unicode_ci DEFAULT NULL,
  `created_at` timestamp NULL DEFAULT NULL,
  `updated_at` timestamp NULL DEFAULT NULL,
  PRIMARY KEY (`id`),
  KEY `subject` (`subject_type`,`subject_id`),
  KEY `causer` (`causer_type`,`causer_id`),
  KEY `activity_log_log_name_index` (`log_name`)
) ENGINE=InnoDB AUTO_INCREMENT=74 DEFAULT CHARSET=utf8mb4 COLLATE=utf8mb4_unicode_ci;

CREATE TABLE `cache` (
  `key` varchar(255) COLLATE utf8mb4_unicode_ci NOT NULL,
  `value` mediumtext COLLATE utf8mb4_unicode_ci NOT NULL,
  `expiration` int NOT NULL,
  PRIMARY KEY (`key`)
) ENGINE=InnoDB DEFAULT CHARSET=utf8mb4 COLLATE=utf8mb4_unicode_ci;

CREATE TABLE `cache_locks` (
  `key` varchar(255) COLLATE utf8mb4_unicode_ci NOT NULL,
  `owner` varchar(255) COLLATE utf8mb4_unicode_ci NOT NULL,
  `expiration` int NOT NULL,
  PRIMARY KEY (`key`)
) ENGINE=InnoDB DEFAULT CHARSET=utf8mb4 COLLATE=utf8mb4_unicode_ci;

CREATE TABLE `failed_jobs` (
  `id` bigint unsigned NOT NULL AUTO_INCREMENT,
  `uuid` varchar(255) COLLATE utf8mb4_unicode_ci NOT NULL,
  `connection` text COLLATE utf8mb4_unicode_ci NOT NULL,
  `queue` text COLLATE utf8mb4_unicode_ci NOT NULL,
  `payload` longtext COLLATE utf8mb4_unicode_ci NOT NULL,
  `exception` longtext COLLATE utf8mb4_unicode_ci NOT NULL,
  `failed_at` timestamp NOT NULL DEFAULT CURRENT_TIMESTAMP,
  PRIMARY KEY (`id`),
  UNIQUE KEY `failed_jobs_uuid_unique` (`uuid`)
) ENGINE=InnoDB DEFAULT CHARSET=utf8mb4 COLLATE=utf8mb4_unicode_ci;

CREATE TABLE `job_batches` (
  `id` varchar(255) COLLATE utf8mb4_unicode_ci NOT NULL,
  `name` varchar(255) COLLATE utf8mb4_unicode_ci NOT NULL,
  `total_jobs` int NOT NULL,
  `pending_jobs` int NOT NULL,
  `failed_jobs` int NOT NULL,
  `failed_job_ids` longtext COLLATE utf8mb4_unicode_ci NOT NULL,
  `options` mediumtext COLLATE utf8mb4_unicode_ci,
  `cancelled_at` int DEFAULT NULL,
  `created_at` int NOT NULL,
  `finished_at` int DEFAULT NULL,
  PRIMARY KEY (`id`)
) ENGINE=InnoDB DEFAULT CHARSET=utf8mb4 COLLATE=utf8mb4_unicode_ci;

CREATE TABLE `jobs` (
  `id` bigint unsigned NOT NULL AUTO_INCREMENT,
  `queue` varchar(255) COLLATE utf8mb4_unicode_ci NOT NULL,
  `payload` longtext COLLATE utf8mb4_unicode_ci NOT NULL,
  `attempts` tinyint unsigned NOT NULL,
  `reserved_at` int unsigned DEFAULT NULL,
  `available_at` int unsigned NOT NULL,
  `created_at` int unsigned NOT NULL,
  PRIMARY KEY (`id`),
  KEY `jobs_queue_index` (`queue`)
) ENGINE=InnoDB AUTO_INCREMENT=141 DEFAULT CHARSET=utf8mb4 COLLATE=utf8mb4_unicode_ci;

CREATE TABLE `migrations` (
  `id` int unsigned NOT NULL AUTO_INCREMENT,
  `migration` varchar(255) COLLATE utf8mb4_unicode_ci NOT NULL,
  `batch` int NOT NULL,
  PRIMARY KEY (`id`)
) ENGINE=InnoDB AUTO_INCREMENT=11 DEFAULT CHARSET=utf8mb4 COLLATE=utf8mb4_unicode_ci;

CREATE TABLE `password_reset_tokens` (
  `email` varchar(255) COLLATE utf8mb4_unicode_ci NOT NULL,
  `token` varchar(255) COLLATE utf8mb4_unicode_ci NOT NULL,
  `created_at` timestamp NULL DEFAULT NULL,
  PRIMARY KEY (`email`)
) ENGINE=InnoDB DEFAULT CHARSET=utf8mb4 COLLATE=utf8mb4_unicode_ci;

CREATE TABLE `personal_access_tokens` (
  `id` bigint unsigned NOT NULL AUTO_INCREMENT,
  `tokenable_type` varchar(255) COLLATE utf8mb4_unicode_ci NOT NULL,
  `tokenable_id` bigint unsigned NOT NULL,
  `name` varchar(255) COLLATE utf8mb4_unicode_ci NOT NULL,
  `token` varchar(64) COLLATE utf8mb4_unicode_ci NOT NULL,
  `abilities` text COLLATE utf8mb4_unicode_ci,
  `last_used_at` timestamp NULL DEFAULT NULL,
  `expires_at` timestamp NULL DEFAULT NULL,
  `created_at` timestamp NULL DEFAULT NULL,
  `updated_at` timestamp NULL DEFAULT NULL,
  PRIMARY KEY (`id`),
  UNIQUE KEY `personal_access_tokens_token_unique` (`token`),
  KEY `personal_access_tokens_tokenable_type_tokenable_id_index` (`tokenable_type`,`tokenable_id`)
) ENGINE=InnoDB AUTO_INCREMENT=2 DEFAULT CHARSET=utf8mb4 COLLATE=utf8mb4_unicode_ci;

CREATE TABLE `sessions` (
  `id` varchar(255) COLLATE utf8mb4_unicode_ci NOT NULL,
  `user_id` bigint unsigned DEFAULT NULL,
  `ip_address` varchar(45) COLLATE utf8mb4_unicode_ci DEFAULT NULL,
  `user_agent` text COLLATE utf8mb4_unicode_ci,
  `payload` longtext COLLATE utf8mb4_unicode_ci NOT NULL,
  `last_activity` int NOT NULL,
  PRIMARY KEY (`id`),
  KEY `sessions_user_id_index` (`user_id`),
  KEY `sessions_last_activity_index` (`last_activity`)
) ENGINE=InnoDB DEFAULT CHARSET=utf8mb4 COLLATE=utf8mb4_unicode_ci;

CREATE TABLE `users` (
 `id` bigint unsigned NOT NULL AUTO_INCREMENT,
 `name` varchar(255) COLLATE utf8mb4_unicode_ci NOT NULL,
 `email` varchar(255) COLLATE utf8mb4_unicode_ci NOT NULL,
 `email_verified_at` timestamp NULL DEFAULT NULL,
 `password` varchar(255) COLLATE utf8mb4_unicode_ci NOT NULL,
 `remember_token` varchar(100) COLLATE utf8mb4_unicode_ci DEFAULT NULL,
 `created_at` timestamp NULL DEFAULT NULL,
 `updated_at` timestamp NULL DEFAULT NULL,
 PRIMARY KEY (`id`),
 UNIQUE KEY `users_email_unique` (`email`)
) ENGINE=InnoDB AUTO_INCREMENT=12 DEFAULT CHARSET=utf8mb4 COLLATE=utf8mb4_unicode_ci;

CREATE TABLE `shop_categories` (
  `id` bigint unsigned NOT NULL AUTO_INCREMENT,
  `name` varchar(255) COLLATE utf8mb4_unicode_ci NOT NULL,
  `created_at` timestamp NULL DEFAULT NULL,
  `updated_at` timestamp NULL DEFAULT NULL,
  `deleted_at` timestamp NULL DEFAULT NULL,
  PRIMARY KEY (`id`)
) ENGINE=InnoDB AUTO_INCREMENT=21 DEFAULT CHARSET=utf8mb4 COLLATE=utf8mb4_unicode_ci;

CREATE TABLE `shops` (
  `id` bigint unsigned NOT NULL AUTO_INCREMENT,
  `name` varchar(255) COLLATE utf8mb4_unicode_ci NOT NULL,
  `owner_id` bigint unsigned NOT NULL,
  `category_id` bigint unsigned NOT NULL,
  `description` longtext COLLATE utf8mb4_unicode_ci NOT NULL,
  `open_hours` json NOT NULL,
  `city` varchar(255) COLLATE utf8mb4_unicode_ci NOT NULL,
  `address` varchar(255) COLLATE utf8mb4_unicode_ci DEFAULT NULL,
  `created_at` timestamp NULL DEFAULT NULL,
  `updated_at` timestamp NULL DEFAULT NULL,
  `deleted_at` timestamp NULL DEFAULT NULL,
  PRIMARY KEY (`id`),
  KEY `shops_owner_id_foreign` (`owner_id`),
  KEY `shops_category_id_foreign` (`category_id`),
  CONSTRAINT `shops_category_id_foreign` FOREIGN KEY (`category_id`) REFERENCES `shop_categories` (`id`) ON DELETE CASCADE,
  CONSTRAINT `shops_owner_id_foreign` FOREIGN KEY (`owner_id`) REFERENCES `users` (`id`) ON DELETE CASCADE
) ENGINE=InnoDB AUTO_INCREMENT=29 DEFAULT CHARSET=utf8mb4 COLLATE=utf8mb4_unicode_ci;

CREATE TABLE `shop_offers` (
   `id` bigint unsigned NOT NULL AUTO_INCREMENT,
   `name` varchar(255) COLLATE utf8mb4_unicode_ci NOT NULL,
   `description` varchar(255) COLLATE utf8mb4_unicode_ci NOT NULL,
   `shop_id` bigint unsigned NOT NULL,
   `created_at` timestamp NULL DEFAULT NULL,
   `updated_at` timestamp NULL DEFAULT NULL,
   `deleted_at` timestamp NULL DEFAULT NULL,
   PRIMARY KEY (`id`),
   KEY `shop_offers_shop_id_foreign` (`shop_id`),
   CONSTRAINT `shop_offers_shop_id_foreign` FOREIGN KEY (`shop_id`) REFERENCES `shops` (`id`) ON DELETE CASCADE
) ENGINE=InnoDB AUTO_INCREMENT=15 DEFAULT CHARSET=utf8mb4 COLLATE=utf8mb4_unicode_ci;

INSERT INTO `agroapps_database`.`activity_log` (`id`, `log_name`, `description`, `subject_type`, `event`, `subject_id`, `causer_type`, `causer_id`, `properties`, `batch_uuid`, `created_at`, `updated_at`) VALUES
(1, 'default', 'created', 'App\\Models\\User', 'created', 1, NULL, NULL, '{"attributes": {"id": 1, "name": "Kaleb Kuhn", "email": "marguerite12@example.net", "password": "$2y$12$ViVFPExNTCxxRhumeOqJJeCFhJwtOemrTcW0LNvdOac0lnoYP2xNW", "created_at": "2024-04-17T22:42:07.000000Z", "updated_at": "2024-04-17T22:42:07.000000Z", "remember_token": "h7tM2uTeod", "email_verified_at": "2024-04-17T22:42:07.000000Z"}}', NULL, '2024-04-18 01:42:07', '2024-04-18 01:42:07'),
(2, 'default', 'created', 'App\\Models\\User', 'created', 2, NULL, NULL, '{"attributes": {"id": 2, "name": "Jodie Mertz", "email": "juvenal90@example.org", "password": "$2y$12$ViVFPExNTCxxRhumeOqJJeCFhJwtOemrTcW0LNvdOac0lnoYP2xNW", "created_at": "2024-04-17T22:42:07.000000Z", "updated_at": "2024-04-17T22:42:07.000000Z", "remember_token": "8BefnyYtvX", "email_verified_at": "2024-04-17T22:42:07.000000Z"}}', NULL, '2024-04-18 01:42:07', '2024-04-18 01:42:07'),
(3, 'default', 'created', 'App\\Models\\User', 'created', 3, NULL, NULL, '{"attributes": {"id": 3, "name": "Katlyn Rosenbaum", "email": "donnie.oberbrunner@example.net", "password": "$2y$12$ViVFPExNTCxxRhumeOqJJeCFhJwtOemrTcW0LNvdOac0lnoYP2xNW", "created_at": "2024-04-17T22:42:07.000000Z", "updated_at": "2024-04-17T22:42:07.000000Z", "remember_token": "v9D5LtpGze", "email_verified_at": "2024-04-17T22:42:07.000000Z"}}', NULL, '2024-04-18 01:42:07', '2024-04-18 01:42:07'),
(4, 'default', 'created', 'App\\Models\\User', 'created', 4, NULL, NULL, '{"attributes": {"id": 4, "name": "Fiona Prohaska DVM", "email": "grace.frami@example.com", "password": "$2y$12$ViVFPExNTCxxRhumeOqJJeCFhJwtOemrTcW0LNvdOac0lnoYP2xNW", "created_at": "2024-04-17T22:42:07.000000Z", "updated_at": "2024-04-17T22:42:07.000000Z", "remember_token": "sbpFNes1Y9", "email_verified_at": "2024-04-17T22:42:07.000000Z"}}', NULL, '2024-04-18 01:42:07', '2024-04-18 01:42:07'),
(5, 'default', 'created', 'App\\Models\\User', 'created', 5, NULL, NULL, '{"attributes": {"id": 5, "name": "Rex Shields", "email": "moen.drake@example.net", "password": "$2y$12$ViVFPExNTCxxRhumeOqJJeCFhJwtOemrTcW0LNvdOac0lnoYP2xNW", "created_at": "2024-04-17T22:42:07.000000Z", "updated_at": "2024-04-17T22:42:07.000000Z", "remember_token": "nep1dh5qxG", "email_verified_at": "2024-04-17T22:42:07.000000Z"}}', NULL, '2024-04-18 01:42:07', '2024-04-18 01:42:07'),
(6, 'default', 'created', 'App\\Models\\User', 'created', 6, NULL, NULL, '{"attributes": {"id": 6, "name": "Shea Gleason", "email": "morissette.lia@example.com", "password": "$2y$12$ViVFPExNTCxxRhumeOqJJeCFhJwtOemrTcW0LNvdOac0lnoYP2xNW", "created_at": "2024-04-17T22:42:07.000000Z", "updated_at": "2024-04-17T22:42:07.000000Z", "remember_token": "gKXVC5hfn0", "email_verified_at": "2024-04-17T22:42:07.000000Z"}}', NULL, '2024-04-18 01:42:07', '2024-04-18 01:42:07'),
(7, 'default', 'created', 'App\\Models\\User', 'created', 7, NULL, NULL, '{"attributes": {"id": 7, "name": "Garret Russel", "email": "adrien.swift@example.org", "password": "$2y$12$ViVFPExNTCxxRhumeOqJJeCFhJwtOemrTcW0LNvdOac0lnoYP2xNW", "created_at": "2024-04-17T22:42:07.000000Z", "updated_at": "2024-04-17T22:42:07.000000Z", "remember_token": "kekXaV9EtR", "email_verified_at": "2024-04-17T22:42:07.000000Z"}}', NULL, '2024-04-18 01:42:07', '2024-04-18 01:42:07'),
(8, 'default', 'created', 'App\\Models\\User', 'created', 8, NULL, NULL, '{"attributes": {"id": 8, "name": "Zakary Yost", "email": "gleuschke@example.net", "password": "$2y$12$ViVFPExNTCxxRhumeOqJJeCFhJwtOemrTcW0LNvdOac0lnoYP2xNW", "created_at": "2024-04-17T22:42:07.000000Z", "updated_at": "2024-04-17T22:42:07.000000Z", "remember_token": "EqT9Cgin4I", "email_verified_at": "2024-04-17T22:42:07.000000Z"}}', NULL, '2024-04-18 01:42:07', '2024-04-18 01:42:07'),
(9, 'default', 'created', 'App\\Models\\User', 'created', 9, NULL, NULL, '{"attributes": {"id": 9, "name": "Titus Rodriguez", "email": "michael18@example.net", "password": "$2y$12$ViVFPExNTCxxRhumeOqJJeCFhJwtOemrTcW0LNvdOac0lnoYP2xNW", "created_at": "2024-04-17T22:42:07.000000Z", "updated_at": "2024-04-17T22:42:07.000000Z", "remember_token": "iL2YPzxitq", "email_verified_at": "2024-04-17T22:42:07.000000Z"}}', NULL, '2024-04-18 01:42:08', '2024-04-18 01:42:08'),
(10, 'default', 'created', 'App\\Models\\User', 'created', 10, NULL, NULL, '{"attributes": {"id": 10, "name": "Claudine Steuber", "email": "kennedi.lehner@example.com", "password": "$2y$12$ViVFPExNTCxxRhumeOqJJeCFhJwtOemrTcW0LNvdOac0lnoYP2xNW", "created_at": "2024-04-17T22:42:08.000000Z", "updated_at": "2024-04-17T22:42:08.000000Z", "remember_token": "5GiJ65e4zO", "email_verified_at": "2024-04-17T22:42:07.000000Z"}}', NULL, '2024-04-18 01:42:08', '2024-04-18 01:42:08'),
(11, 'default', 'created', 'App\\Models\\ShopCategory', 'created', 1, NULL, NULL, '{"attributes": {"id": 1, "name": "Category 1222502", "created_at": "2024-04-17T22:42:10.000000Z", "deleted_at": null, "updated_at": "2024-04-17T22:42:10.000000Z"}}', NULL, '2024-04-18 01:42:10', '2024-04-18 01:42:10'),
(12, 'default', 'created', 'App\\Models\\ShopCategory', 'created', 2, NULL, NULL, '{"attributes": {"id": 2, "name": "Category 0", "created_at": "2024-04-17T22:42:10.000000Z", "deleted_at": null, "updated_at": "2024-04-17T22:42:10.000000Z"}}', NULL, '2024-04-18 01:42:10', '2024-04-18 01:42:10'),
(13, 'default', 'created', 'App\\Models\\ShopCategory', 'created', 3, NULL, NULL, '{"attributes": {"id": 3, "name": "Category 959", "created_at": "2024-04-17T22:42:10.000000Z", "deleted_at": null, "updated_at": "2024-04-17T22:42:10.000000Z"}}', NULL, '2024-04-18 01:42:10', '2024-04-18 01:42:10'),
(14, 'default', 'created', 'App\\Models\\ShopCategory', 'created', 4, NULL, NULL, '{"attributes": {"id": 4, "name": "Category 43", "created_at": "2024-04-17T22:42:10.000000Z", "deleted_at": null, "updated_at": "2024-04-17T22:42:10.000000Z"}}', NULL, '2024-04-18 01:42:10', '2024-04-18 01:42:10'),
(15, 'default', 'created', 'App\\Models\\ShopCategory', 'created', 5, NULL, NULL, '{"attributes": {"id": 5, "name": "Category 56472938", "created_at": "2024-04-17T22:42:10.000000Z", "deleted_at": null, "updated_at": "2024-04-17T22:42:10.000000Z"}}', NULL, '2024-04-18 01:42:10', '2024-04-18 01:42:10'),
(16, 'default', 'created', 'App\\Models\\ShopCategory', 'created', 6, NULL, NULL, '{"attributes": {"id": 6, "name": "Category 96", "created_at": "2024-04-17T22:42:10.000000Z", "deleted_at": null, "updated_at": "2024-04-17T22:42:10.000000Z"}}', NULL, '2024-04-18 01:42:10', '2024-04-18 01:42:10'),
(17, 'default', 'created', 'App\\Models\\ShopCategory', 'created', 7, NULL, NULL, '{"attributes": {"id": 7, "name": "Category 610591099", "created_at": "2024-04-17T22:42:10.000000Z", "deleted_at": null, "updated_at": "2024-04-17T22:42:10.000000Z"}}', NULL, '2024-04-18 01:42:10', '2024-04-18 01:42:10'),
(18, 'default', 'created', 'App\\Models\\ShopCategory', 'created', 8, NULL, NULL, '{"attributes": {"id": 8, "name": "Category 93", "created_at": "2024-04-17T22:42:10.000000Z", "deleted_at": null, "updated_at": "2024-04-17T22:42:10.000000Z"}}', NULL, '2024-04-18 01:42:10', '2024-04-18 01:42:10'),
(19, 'default', 'created', 'App\\Models\\ShopCategory', 'created', 9, NULL, NULL, '{"attributes": {"id": 9, "name": "Category 43649", "created_at": "2024-04-17T22:42:10.000000Z", "deleted_at": null, "updated_at": "2024-04-17T22:42:10.000000Z"}}', NULL, '2024-04-18 01:42:10', '2024-04-18 01:42:10'),
(20, 'default', 'created', 'App\\Models\\ShopCategory', 'created', 10, NULL, NULL, '{"attributes": {"id": 10, "name": "Category 8757", "created_at": "2024-04-17T22:42:10.000000Z", "deleted_at": null, "updated_at": "2024-04-17T22:42:10.000000Z"}}', NULL, '2024-04-18 01:42:10', '2024-04-18 01:42:10'),
(21, 'default', 'created', 'App\\Models\\ShopCategory', 'created', 11, NULL, NULL, '{"attributes": {"id": 11, "name": "Category 7", "created_at": "2024-04-17T22:42:10.000000Z", "deleted_at": null, "updated_at": "2024-04-17T22:42:10.000000Z"}}', NULL, '2024-04-18 01:42:10', '2024-04-18 01:42:10'),
(22, 'default', 'created', 'App\\Models\\ShopCategory', 'created', 12, NULL, NULL, '{"attributes": {"id": 12, "name": "Category 2", "created_at": "2024-04-17T22:42:10.000000Z", "deleted_at": null, "updated_at": "2024-04-17T22:42:10.000000Z"}}', NULL, '2024-04-18 01:42:10', '2024-04-18 01:42:10'),
(23, 'default', 'created', 'App\\Models\\ShopCategory', 'created', 13, NULL, NULL, '{"attributes": {"id": 13, "name": "Category 241", "created_at": "2024-04-17T22:42:10.000000Z", "deleted_at": null, "updated_at": "2024-04-17T22:42:10.000000Z"}}', NULL, '2024-04-18 01:42:10', '2024-04-18 01:42:10'),
(24, 'default', 'created', 'App\\Models\\ShopCategory', 'created', 14, NULL, NULL, '{"attributes": {"id": 14, "name": "Category 239051040", "created_at": "2024-04-17T22:42:10.000000Z", "deleted_at": null, "updated_at": "2024-04-17T22:42:10.000000Z"}}', NULL, '2024-04-18 01:42:10', '2024-04-18 01:42:10'),
(25, 'default', 'created', 'App\\Models\\ShopCategory', 'created', 15, NULL, NULL, '{"attributes": {"id": 15, "name": "Category 62207057", "created_at": "2024-04-17T22:42:10.000000Z", "deleted_at": null, "updated_at": "2024-04-17T22:42:10.000000Z"}}', NULL, '2024-04-18 01:42:10', '2024-04-18 01:42:10'),
(26, 'default', 'created', 'App\\Models\\ShopCategory', 'created', 16, NULL, NULL, '{"attributes": {"id": 16, "name": "Category 1715795", "created_at": "2024-04-17T22:42:10.000000Z", "deleted_at": null, "updated_at": "2024-04-17T22:42:10.000000Z"}}', NULL, '2024-04-18 01:42:10', '2024-04-18 01:42:10'),
(27, 'default', 'created', 'App\\Models\\ShopCategory', 'created', 17, NULL, NULL, '{"attributes": {"id": 17, "name": "Category 67898775", "created_at": "2024-04-17T22:42:10.000000Z", "deleted_at": null, "updated_at": "2024-04-17T22:42:10.000000Z"}}', NULL, '2024-04-18 01:42:10', '2024-04-18 01:42:10'),
(28, 'default', 'created', 'App\\Models\\ShopCategory', 'created', 18, NULL, NULL, '{"attributes": {"id": 18, "name": "Category 5", "created_at": "2024-04-17T22:42:10.000000Z", "deleted_at": null, "updated_at": "2024-04-17T22:42:10.000000Z"}}', NULL, '2024-04-18 01:42:10', '2024-04-18 01:42:10'),
(29, 'default', 'created', 'App\\Models\\ShopCategory', 'created', 19, NULL, NULL, '{"attributes": {"id": 19, "name": "Category 41447", "created_at": "2024-04-17T22:42:10.000000Z", "deleted_at": null, "updated_at": "2024-04-17T22:42:10.000000Z"}}', NULL, '2024-04-18 01:42:10', '2024-04-18 01:42:10'),
(30, 'default', 'created', 'App\\Models\\ShopCategory', 'created', 20, NULL, NULL, '{"attributes": {"id": 20, "name": "Category 19961", "created_at": "2024-04-17T22:42:10.000000Z", "deleted_at": null, "updated_at": "2024-04-17T22:42:10.000000Z"}}', NULL, '2024-04-18 01:42:10', '2024-04-18 01:42:10'),
(31, 'default', 'created', 'App\\Models\\Shop', 'created', 1, NULL, NULL, '{"attributes": {"id": 1, "city": "New Melvin", "name": "Vesta Bednar", "address": "6988 Sandy Gateway\\nJessiemouth, MI 44878-7829", "owner_id": 1, "created_at": "2024-04-17T22:42:10.000000Z", "deleted_at": null, "open_hours": {"Friday": {"order": 5, "closing_time": "19:00:00", "opening_time": "09:00:00"}, "Monday": {"order": 1, "closing_time": "17:00:00", "opening_time": "09:00:00"}, "Sunday": {"order": 7, "closing_time": "Closed", "opening_time": "Closed"}, "Tuesday": {"order": 2, "closing_time": "17:00:00", "opening_time": "09:00:00"}, "Saturday": {"order": 6, "closing_time": "21:00:00", "opening_time": "10:00:00"}, "Thursday": {"order": 4, "closing_time": "19:30:00", "opening_time": "09:30:00"}, "Wednesday": {"order": 3, "closing_time": "18:00:00", "opening_time": "09:00:00"}}, "updated_at": "2024-04-17T22:42:10.000000Z", "category_id": 6, "description": "Aut nihil."}}', NULL, '2024-04-18 01:42:10', '2024-04-18 01:42:10'),
(32, 'default', 'created', 'App\\Models\\Shop', 'created', 2, NULL, NULL, '{"attributes": {"id": 2, "city": "Volkmanville", "name": "Mrs. Fanny Hegmann V", "address": "37637 Blanche Well\\nBrandyfort, WV 33855", "owner_id": 1, "created_at": "2024-04-17T22:42:10.000000Z", "deleted_at": null, "open_hours": {"Friday": {"order": 5, "closing_time": "19:00:00", "opening_time": "09:00:00"}, "Monday": {"order": 1, "closing_time": "19:00:00", "opening_time": "09:00:00"}, "Sunday": {"order": 7, "closing_time": "Closed", "opening_time": "Closed"}, "Tuesday": {"order": 2, "closing_time": "19:00:00", "opening_time": "09:00:00"}, "Saturday": {"order": 6, "closing_time": "17:00:00", "opening_time": "10:00:00"}, "Thursday": {"order": 4, "closing_time": "21:30:00", "opening_time": "09:30:00"}, "Wednesday": {"order": 3, "closing_time": "16:00:00", "opening_time": "09:00:00"}}, "updated_at": "2024-04-17T22:42:10.000000Z", "category_id": 9, "description": "Ab officiis."}}', NULL, '2024-04-18 01:42:10', '2024-04-18 01:42:10'),
(33, 'default', 'created', 'App\\Models\\Shop', 'created', 3, NULL, NULL, '{"attributes": {"id": 3, "city": "North Hallie", "name": "Mr. Glen Rippin PhD", "address": "24693 Amani Plains Apt. 345\\nMistymouth, CO 77902", "owner_id": 1, "created_at": "2024-04-17T22:42:10.000000Z", "deleted_at": null, "open_hours": {"Friday": {"order": 5, "closing_time": "17:00:00", "opening_time": "09:00:00"}, "Monday": {"order": 1, "closing_time": "17:00:00", "opening_time": "09:00:00"}, "Sunday": {"order": 7, "closing_time": "Closed", "opening_time": "Closed"}, "Tuesday": {"order": 2, "closing_time": "17:00:00", "opening_time": "09:00:00"}, "Saturday": {"order": 6, "closing_time": "20:00:00", "opening_time": "10:00:00"}, "Thursday": {"order": 4, "closing_time": "18:30:00", "opening_time": "09:30:00"}, "Wednesday": {"order": 3, "closing_time": "16:00:00", "opening_time": "09:00:00"}}, "updated_at": "2024-04-17T22:42:10.000000Z", "category_id": 15, "description": "Amet dolorum."}}', NULL, '2024-04-18 01:42:10', '2024-04-18 01:42:10'),
(34, 'default', 'created', 'App\\Models\\Shop', 'created', 4, NULL, NULL, '{"attributes": {"id": 4, "city": "Marcelinotown", "name": "Macie Beatty", "address": "6484 Jazmyne Port Suite 745\\nNorth Roxanne, UT 94921", "owner_id": 1, "created_at": "2024-04-17T22:42:10.000000Z", "deleted_at": null, "open_hours": {"Friday": {"order": 5, "closing_time": "18:00:00", "opening_time": "09:00:00"}, "Monday": {"order": 1, "closing_time": "18:00:00", "opening_time": "09:00:00"}, "Sunday": {"order": 7, "closing_time": "Closed", "opening_time": "Closed"}, "Tuesday": {"order": 2, "closing_time": "16:00:00", "opening_time": "09:00:00"}, "Saturday": {"order": 6, "closing_time": "18:00:00", "opening_time": "10:00:00"}, "Thursday": {"order": 4, "closing_time": "21:30:00", "opening_time": "09:30:00"}, "Wednesday": {"order": 3, "closing_time": "17:00:00", "opening_time": "09:00:00"}}, "updated_at": "2024-04-17T22:42:10.000000Z", "category_id": 5, "description": "Laudantium atque."}}', NULL, '2024-04-18 01:42:10', '2024-04-18 01:42:10'),
(35, 'default', 'created', 'App\\Models\\Shop', 'created', 5, NULL, NULL, '{"attributes": {"id": 5, "city": "Erynburgh", "name": "Mayra Legros Jr.", "address": "37746 Schoen Haven Apt. 452\\nBashirianton, MS 06586", "owner_id": 2, "created_at": "2024-04-17T22:42:11.000000Z", "deleted_at": null, "open_hours": {"Friday": {"order": 5, "closing_time": "19:00:00", "opening_time": "09:00:00"}, "Monday": {"order": 1, "closing_time": "19:00:00", "opening_time": "09:00:00"}, "Sunday": {"order": 7, "closing_time": "Closed", "opening_time": "Closed"}, "Tuesday": {"order": 2, "closing_time": "17:00:00", "opening_time": "09:00:00"}, "Saturday": {"order": 6, "closing_time": "17:00:00", "opening_time": "10:00:00"}, "Thursday": {"order": 4, "closing_time": "19:30:00", "opening_time": "09:30:00"}, "Wednesday": {"order": 3, "closing_time": "18:00:00", "opening_time": "09:00:00"}}, "updated_at": "2024-04-17T22:42:11.000000Z", "category_id": 5, "description": "Quam repellendus."}}', NULL, '2024-04-18 01:42:11', '2024-04-18 01:42:11'),
(36, 'default', 'created', 'App\\Models\\Shop', 'created', 6, NULL, NULL, '{"attributes": {"id": 6, "city": "South Octavia", "name": "Mr. Giovanny Murray II", "address": "41868 Kutch Isle Suite 075\\nPort Eladioside, KS 74527", "owner_id": 2, "created_at": "2024-04-17T22:42:11.000000Z", "deleted_at": null, "open_hours": {"Friday": {"order": 5, "closing_time": "19:00:00", "opening_time": "09:00:00"}, "Monday": {"order": 1, "closing_time": "19:00:00", "opening_time": "09:00:00"}, "Sunday": {"order": 7, "closing_time": "Closed", "opening_time": "Closed"}, "Tuesday": {"order": 2, "closing_time": "19:00:00", "opening_time": "09:00:00"}, "Saturday": {"order": 6, "closing_time": "19:00:00", "opening_time": "10:00:00"}, "Thursday": {"order": 4, "closing_time": "21:30:00", "opening_time": "09:30:00"}, "Wednesday": {"order": 3, "closing_time": "20:00:00", "opening_time": "09:00:00"}}, "updated_at": "2024-04-17T22:42:11.000000Z", "category_id": 12, "description": "Incidunt et nesciunt."}}', NULL, '2024-04-18 01:42:11', '2024-04-18 01:42:11'),
(37, 'default', 'created', 'App\\Models\\Shop', 'created', 7, NULL, NULL, '{"attributes": {"id": 7, "city": "Lake Kaleyland", "name": "Mr. Ibrahim Sawayn MD", "address": "668 Donnell Parkway Suite 907\\nEast Eudoraview, OR 97401-3227", "owner_id": 3, "created_at": "2024-04-17T22:42:11.000000Z", "deleted_at": null, "open_hours": {"Friday": {"order": 5, "closing_time": "19:00:00", "opening_time": "09:00:00"}, "Monday": {"order": 1, "closing_time": "17:00:00", "opening_time": "09:00:00"}, "Sunday": {"order": 7, "closing_time": "Closed", "opening_time": "Closed"}, "Tuesday": {"order": 2, "closing_time": "18:00:00", "opening_time": "09:00:00"}, "Saturday": {"order": 6, "closing_time": "18:00:00", "opening_time": "10:00:00"}, "Thursday": {"order": 4, "closing_time": "21:30:00", "opening_time": "09:30:00"}, "Wednesday": {"order": 3, "closing_time": "16:00:00", "opening_time": "09:00:00"}}, "updated_at": "2024-04-17T22:42:11.000000Z", "category_id": 15, "description": "Architecto quisquam."}}', NULL, '2024-04-18 01:42:11', '2024-04-18 01:42:11'),
(38, 'default', 'created', 'App\\Models\\Shop', 'created', 8, NULL, NULL, '{"attributes": {"id": 8, "city": "North Daishaview", "name": "Neha Ebert", "address": "356 Berta Parks Suite 057\\nGoodwinport, AL 77063", "owner_id": 3, "created_at": "2024-04-17T22:42:11.000000Z", "deleted_at": null, "open_hours": {"Friday": {"order": 5, "closing_time": "19:00:00", "opening_time": "09:00:00"}, "Monday": {"order": 1, "closing_time": "21:00:00", "opening_time": "09:00:00"}, "Sunday": {"order": 7, "closing_time": "Closed", "opening_time": "Closed"}, "Tuesday": {"order": 2, "closing_time": "19:00:00", "opening_time": "09:00:00"}, "Saturday": {"order": 6, "closing_time": "20:00:00", "opening_time": "10:00:00"}, "Thursday": {"order": 4, "closing_time": "19:30:00", "opening_time": "09:30:00"}, "Wednesday": {"order": 3, "closing_time": "19:00:00", "opening_time": "09:00:00"}}, "updated_at": "2024-04-17T22:42:11.000000Z", "category_id": 9, "description": "Optio necessitatibus."}}', NULL, '2024-04-18 01:42:11', '2024-04-18 01:42:11'),
(39, 'default', 'created', 'App\\Models\\Shop', 'created', 9, NULL, NULL, '{"attributes": {"id": 9, "city": "Beahanside", "name": "Prof. Erika Schamberger", "address": "5182 Ebert Plains\\nNew Aleneland, IL 34307-2576", "owner_id": 3, "created_at": "2024-04-17T22:42:11.000000Z", "deleted_at": null, "open_hours": {"Friday": {"order": 5, "closing_time": "21:00:00", "opening_time": "09:00:00"}, "Monday": {"order": 1, "closing_time": "18:00:00", "opening_time": "09:00:00"}, "Sunday": {"order": 7, "closing_time": "Closed", "opening_time": "Closed"}, "Tuesday": {"order": 2, "closing_time": "16:00:00", "opening_time": "09:00:00"}, "Saturday": {"order": 6, "closing_time": "17:00:00", "opening_time": "10:00:00"}, "Thursday": {"order": 4, "closing_time": "17:30:00", "opening_time": "09:30:00"}, "Wednesday": {"order": 3, "closing_time": "21:00:00", "opening_time": "09:00:00"}}, "updated_at": "2024-04-17T22:42:11.000000Z", "category_id": 16, "description": "Voluptatum veniam error."}}', NULL, '2024-04-18 01:42:11', '2024-04-18 01:42:11'),
(40, 'default', 'created', 'App\\Models\\Shop', 'created', 10, NULL, NULL, '{"attributes": {"id": 10, "city": "Starkville", "name": "Prof. Greyson Tromp II", "address": "57474 Margaretta Valleys\\nEast D''angelo, VT 48305-9781", "owner_id": 3, "created_at": "2024-04-17T22:42:11.000000Z", "deleted_at": null, "open_hours": {"Friday": {"order": 5, "closing_time": "19:00:00", "opening_time": "09:00:00"}, "Monday": {"order": 1, "closing_time": "17:00:00", "opening_time": "09:00:00"}, "Sunday": {"order": 7, "closing_time": "Closed", "opening_time": "Closed"}, "Tuesday": {"order": 2, "closing_time": "17:00:00", "opening_time": "09:00:00"}, "Saturday": {"order": 6, "closing_time": "21:00:00", "opening_time": "10:00:00"}, "Thursday": {"order": 4, "closing_time": "17:30:00", "opening_time": "09:30:00"}, "Wednesday": {"order": 3, "closing_time": "17:00:00", "opening_time": "09:00:00"}}, "updated_at": "2024-04-17T22:42:11.000000Z", "category_id": 7, "description": "Consequatur quam."}}', NULL, '2024-04-18 01:42:11', '2024-04-18 01:42:11'),
(41, 'default', 'created', 'App\\Models\\Shop', 'created', 11, NULL, NULL, '{"attributes": {"id": 11, "city": "Zulaufland", "name": "Tyrique Stracke Jr.", "address": "15322 King Bridge Suite 589\\nKeyshawnborough, LA 27413", "owner_id": 4, "created_at": "2024-04-17T22:42:11.000000Z", "deleted_at": null, "open_hours": {"Friday": {"order": 5, "closing_time": "16:00:00", "opening_time": "09:00:00"}, "Monday": {"order": 1, "closing_time": "21:00:00", "opening_time": "09:00:00"}, "Sunday": {"order": 7, "closing_time": "Closed", "opening_time": "Closed"}, "Tuesday": {"order": 2, "closing_time": "18:00:00", "opening_time": "09:00:00"}, "Saturday": {"order": 6, "closing_time": "19:00:00", "opening_time": "10:00:00"}, "Thursday": {"order": 4, "closing_time": "20:30:00", "opening_time": "09:30:00"}, "Wednesday": {"order": 3, "closing_time": "20:00:00", "opening_time": "09:00:00"}}, "updated_at": "2024-04-17T22:42:11.000000Z", "category_id": 2, "description": "Quae eligendi."}}', NULL, '2024-04-18 01:42:11', '2024-04-18 01:42:11'),
(42, 'default', 'created', 'App\\Models\\Shop', 'created', 12, NULL, NULL, '{"attributes": {"id": 12, "city": "Mullermouth", "name": "Wilfredo Heathcote Jr.", "address": "85083 Sylvester Vista Suite 645\\nSouth Ariannabury, MA 09932", "owner_id": 4, "created_at": "2024-04-17T22:42:11.000000Z", "deleted_at": null, "open_hours": {"Friday": {"order": 5, "closing_time": "18:00:00", "opening_time": "09:00:00"}, "Monday": {"order": 1, "closing_time": "21:00:00", "opening_time": "09:00:00"}, "Sunday": {"order": 7, "closing_time": "Closed", "opening_time": "Closed"}, "Tuesday": {"order": 2, "closing_time": "21:00:00", "opening_time": "09:00:00"}, "Saturday": {"order": 6, "closing_time": "18:00:00", "opening_time": "10:00:00"}, "Thursday": {"order": 4, "closing_time": "20:30:00", "opening_time": "09:30:00"}, "Wednesday": {"order": 3, "closing_time": "20:00:00", "opening_time": "09:00:00"}}, "updated_at": "2024-04-17T22:42:11.000000Z", "category_id": 18, "description": "Quisquam at veritatis."}}', NULL, '2024-04-18 01:42:11', '2024-04-18 01:42:11'),
(43, 'default', 'created', 'App\\Models\\Shop', 'created', 13, NULL, NULL, '{"attributes": {"id": 13, "city": "Tylerhaven", "name": "Prof. Giles Cartwright", "address": "801 Volkman Parkway\\nNorth Alfredohaven, TN 19244-1937", "owner_id": 4, "created_at": "2024-04-17T22:42:11.000000Z", "deleted_at": null, "open_hours": {"Friday": {"order": 5, "closing_time": "19:00:00", "opening_time": "09:00:00"}, "Monday": {"order": 1, "closing_time": "19:00:00", "opening_time": "09:00:00"}, "Sunday": {"order": 7, "closing_time": "Closed", "opening_time": "Closed"}, "Tuesday": {"order": 2, "closing_time": "17:00:00", "opening_time": "09:00:00"}, "Saturday": {"order": 6, "closing_time": "21:00:00", "opening_time": "10:00:00"}, "Thursday": {"order": 4, "closing_time": "16:30:00", "opening_time": "09:30:00"}, "Wednesday": {"order": 3, "closing_time": "18:00:00", "opening_time": "09:00:00"}}, "updated_at": "2024-04-17T22:42:11.000000Z", "category_id": 13, "description": "Molestiae et est."}}', NULL, '2024-04-18 01:42:11', '2024-04-18 01:42:11'),
(44, 'default', 'created', 'App\\Models\\Shop', 'created', 14, NULL, NULL, '{"attributes": {"id": 14, "city": "West Eltamouth", "name": "Prof. Velda Hirthe PhD", "address": "84411 Towne Station Apt. 611\\nLelachester, MT 94210", "owner_id": 5, "created_at": "2024-04-17T22:42:11.000000Z", "deleted_at": null, "open_hours": {"Friday": {"order": 5, "closing_time": "21:00:00", "opening_time": "09:00:00"}, "Monday": {"order": 1, "closing_time": "16:00:00", "opening_time": "09:00:00"}, "Sunday": {"order": 7, "closing_time": "Closed", "opening_time": "Closed"}, "Tuesday": {"order": 2, "closing_time": "18:00:00", "opening_time": "09:00:00"}, "Saturday": {"order": 6, "closing_time": "22:00:00", "opening_time": "10:00:00"}, "Thursday": {"order": 4, "closing_time": "19:30:00", "opening_time": "09:30:00"}, "Wednesday": {"order": 3, "closing_time": "16:00:00", "opening_time": "09:00:00"}}, "updated_at": "2024-04-17T22:42:11.000000Z", "category_id": 2, "description": "Similique veritatis dolore."}}', NULL, '2024-04-18 01:42:11', '2024-04-18 01:42:11'),
(45, 'default', 'created', 'App\\Models\\Shop', 'created', 15, NULL, NULL, '{"attributes": {"id": 15, "city": "Marlonburgh", "name": "Mrs. Tierra Ebert I", "address": "802 Elvera Oval\\nLake Jammie, MN 83239-3192", "owner_id": 5, "created_at": "2024-04-17T22:42:11.000000Z", "deleted_at": null, "open_hours": {"Friday": {"order": 5, "closing_time": "19:00:00", "opening_time": "09:00:00"}, "Monday": {"order": 1, "closing_time": "20:00:00", "opening_time": "09:00:00"}, "Sunday": {"order": 7, "closing_time": "Closed", "opening_time": "Closed"}, "Tuesday": {"order": 2, "closing_time": "17:00:00", "opening_time": "09:00:00"}, "Saturday": {"order": 6, "closing_time": "18:00:00", "opening_time": "10:00:00"}, "Thursday": {"order": 4, "closing_time": "19:30:00", "opening_time": "09:30:00"}, "Wednesday": {"order": 3, "closing_time": "18:00:00", "opening_time": "09:00:00"}}, "updated_at": "2024-04-17T22:42:11.000000Z", "category_id": 17, "description": "Laborum odit."}}', NULL, '2024-04-18 01:42:11', '2024-04-18 01:42:11'),
(46, 'default', 'created', 'App\\Models\\Shop', 'created', 16, NULL, NULL, '{"attributes": {"id": 16, "city": "Lake Annachester", "name": "Madonna Fritsch", "address": "317 Dach Ranch Apt. 599\\nPort Sophie, MT 15699", "owner_id": 5, "created_at": "2024-04-17T22:42:11.000000Z", "deleted_at": null, "open_hours": {"Friday": {"order": 5, "closing_time": "21:00:00", "opening_time": "09:00:00"}, "Monday": {"order": 1, "closing_time": "20:00:00", "opening_time": "09:00:00"}, "Sunday": {"order": 7, "closing_time": "Closed", "opening_time": "Closed"}, "Tuesday": {"order": 2, "closing_time": "17:00:00", "opening_time": "09:00:00"}, "Saturday": {"order": 6, "closing_time": "22:00:00", "opening_time": "10:00:00"}, "Thursday": {"order": 4, "closing_time": "16:30:00", "opening_time": "09:30:00"}, "Wednesday": {"order": 3, "closing_time": "17:00:00", "opening_time": "09:00:00"}}, "updated_at": "2024-04-17T22:42:11.000000Z", "category_id": 5, "description": "Et sit quidem."}}', NULL, '2024-04-18 01:42:11', '2024-04-18 01:42:11'),
(47, 'default', 'created', 'App\\Models\\Shop', 'created', 17, NULL, NULL, '{"attributes": {"id": 17, "city": "Bobbiechester", "name": "Mrs. Alexandra Stracke MD", "address": "803 Vernie Plains Suite 696\\nKaelaborough, KS 34202-7402", "owner_id": 6, "created_at": "2024-04-17T22:42:11.000000Z", "deleted_at": null, "open_hours": {"Friday": {"order": 5, "closing_time": "17:00:00", "opening_time": "09:00:00"}, "Monday": {"order": 1, "closing_time": "16:00:00", "opening_time": "09:00:00"}, "Sunday": {"order": 7, "closing_time": "Closed", "opening_time": "Closed"}, "Tuesday": {"order": 2, "closing_time": "19:00:00", "opening_time": "09:00:00"}, "Saturday": {"order": 6, "closing_time": "21:00:00", "opening_time": "10:00:00"}, "Thursday": {"order": 4, "closing_time": "18:30:00", "opening_time": "09:30:00"}, "Wednesday": {"order": 3, "closing_time": "16:00:00", "opening_time": "09:00:00"}}, "updated_at": "2024-04-17T22:42:11.000000Z", "category_id": 15, "description": "Molestias modi dolores."}}', NULL, '2024-04-18 01:42:11', '2024-04-18 01:42:11'),
(48, 'default', 'created', 'App\\Models\\Shop', 'created', 18, NULL, NULL, '{"attributes": {"id": 18, "city": "Schustermouth", "name": "Shyann Ortiz", "address": "523 Emile Isle Suite 390\\nErdmanbury, NJ 62606-2687", "owner_id": 6, "created_at": "2024-04-17T22:42:11.000000Z", "deleted_at": null, "open_hours": {"Friday": {"order": 5, "closing_time": "21:00:00", "opening_time": "09:00:00"}, "Monday": {"order": 1, "closing_time": "18:00:00", "opening_time": "09:00:00"}, "Sunday": {"order": 7, "closing_time": "Closed", "opening_time": "Closed"}, "Tuesday": {"order": 2, "closing_time": "21:00:00", "opening_time": "09:00:00"}, "Saturday": {"order": 6, "closing_time": "22:00:00", "opening_time": "10:00:00"}, "Thursday": {"order": 4, "closing_time": "16:30:00", "opening_time": "09:30:00"}, "Wednesday": {"order": 3, "closing_time": "17:00:00", "opening_time": "09:00:00"}}, "updated_at": "2024-04-17T22:42:11.000000Z", "category_id": 14, "description": "Nihil quia."}}', NULL, '2024-04-18 01:42:11', '2024-04-18 01:42:11'),
(49, 'default', 'created', 'App\\Models\\Shop', 'created', 19, NULL, NULL, '{"attributes": {"id": 19, "city": "Legrosmouth", "name": "Conner Conn IV", "address": "9495 Bogan Summit\\nFaymouth, NV 70314", "owner_id": 6, "created_at": "2024-04-17T22:42:11.000000Z", "deleted_at": null, "open_hours": {"Friday": {"order": 5, "closing_time": "16:00:00", "opening_time": "09:00:00"}, "Monday": {"order": 1, "closing_time": "17:00:00", "opening_time": "09:00:00"}, "Sunday": {"order": 7, "closing_time": "Closed", "opening_time": "Closed"}, "Tuesday": {"order": 2, "closing_time": "17:00:00", "opening_time": "09:00:00"}, "Saturday": {"order": 6, "closing_time": "20:00:00", "opening_time": "10:00:00"}, "Thursday": {"order": 4, "closing_time": "18:30:00", "opening_time": "09:30:00"}, "Wednesday": {"order": 3, "closing_time": "20:00:00", "opening_time": "09:00:00"}}, "updated_at": "2024-04-17T22:42:11.000000Z", "category_id": 13, "description": "Cupiditate inventore qui."}}', NULL, '2024-04-18 01:42:11', '2024-04-18 01:42:11'),
(50, 'default', 'created', 'App\\Models\\Shop', 'created', 20, NULL, NULL, '{"attributes": {"id": 20, "city": "Russelside", "name": "Laurianne Sporer", "address": "71083 Luz Haven Suite 628\\nNew Matildehaven, OK 21595", "owner_id": 7, "created_at": "2024-04-17T22:42:11.000000Z", "deleted_at": null, "open_hours": {"Friday": {"order": 5, "closing_time": "21:00:00", "opening_time": "09:00:00"}, "Monday": {"order": 1, "closing_time": "18:00:00", "opening_time": "09:00:00"}, "Sunday": {"order": 7, "closing_time": "Closed", "opening_time": "Closed"}, "Tuesday": {"order": 2, "closing_time": "21:00:00", "opening_time": "09:00:00"}, "Saturday": {"order": 6, "closing_time": "19:00:00", "opening_time": "10:00:00"}, "Thursday": {"order": 4, "closing_time": "19:30:00", "opening_time": "09:30:00"}, "Wednesday": {"order": 3, "closing_time": "17:00:00", "opening_time": "09:00:00"}}, "updated_at": "2024-04-17T22:42:11.000000Z", "category_id": 11, "description": "Voluptas eveniet id."}}', NULL, '2024-04-18 01:42:11', '2024-04-18 01:42:11'),
(51, 'default', 'created', 'App\\Models\\Shop', 'created', 21, NULL, NULL, '{"attributes": {"id": 21, "city": "O''Connermouth", "name": "Arvilla Toy DDS", "address": "52111 Mateo Canyon Suite 442\\nLorenzhaven, MI 17179-7235", "owner_id": 7, "created_at": "2024-04-17T22:42:11.000000Z", "deleted_at": null, "open_hours": {"Friday": {"order": 5, "closing_time": "16:00:00", "opening_time": "09:00:00"}, "Monday": {"order": 1, "closing_time": "17:00:00", "opening_time": "09:00:00"}, "Sunday": {"order": 7, "closing_time": "Closed", "opening_time": "Closed"}, "Tuesday": {"order": 2, "closing_time": "19:00:00", "opening_time": "09:00:00"}, "Saturday": {"order": 6, "closing_time": "20:00:00", "opening_time": "10:00:00"}, "Thursday": {"order": 4, "closing_time": "17:30:00", "opening_time": "09:30:00"}, "Wednesday": {"order": 3, "closing_time": "20:00:00", "opening_time": "09:00:00"}}, "updated_at": "2024-04-17T22:42:11.000000Z", "category_id": 18, "description": "Doloribus aut."}}', NULL, '2024-04-18 01:42:11', '2024-04-18 01:42:11'),
(52, 'default', 'created', 'App\\Models\\Shop', 'created', 22, NULL, NULL, '{"attributes": {"id": 22, "city": "Port Bridgetteburgh", "name": "Kianna Herman", "address": "572 Tito Lock\\nPort Shanon, NE 87373-3852", "owner_id": 7, "created_at": "2024-04-17T22:42:11.000000Z", "deleted_at": null, "open_hours": {"Friday": {"order": 5, "closing_time": "18:00:00", "opening_time": "09:00:00"}, "Monday": {"order": 1, "closing_time": "21:00:00", "opening_time": "09:00:00"}, "Sunday": {"order": 7, "closing_time": "Closed", "opening_time": "Closed"}, "Tuesday": {"order": 2, "closing_time": "17:00:00", "opening_time": "09:00:00"}, "Saturday": {"order": 6, "closing_time": "17:00:00", "opening_time": "10:00:00"}, "Thursday": {"order": 4, "closing_time": "18:30:00", "opening_time": "09:30:00"}, "Wednesday": {"order": 3, "closing_time": "19:00:00", "opening_time": "09:00:00"}}, "updated_at": "2024-04-17T22:42:11.000000Z", "category_id": 8, "description": "Praesentium nobis aut."}}', NULL, '2024-04-18 01:42:11', '2024-04-18 01:42:11'),
(53, 'default', 'created', 'App\\Models\\Shop', 'created', 23, NULL, NULL, '{"attributes": {"id": 23, "city": "Turcotteton", "name": "Saige Stiedemann", "address": "508 King Flat Suite 165\\nLake Guillermoburgh, WV 65510-1774", "owner_id": 8, "created_at": "2024-04-17T22:42:11.000000Z", "deleted_at": null, "open_hours": {"Friday": {"order": 5, "closing_time": "16:00:00", "opening_time": "09:00:00"}, "Monday": {"order": 1, "closing_time": "18:00:00", "opening_time": "09:00:00"}, "Sunday": {"order": 7, "closing_time": "Closed", "opening_time": "Closed"}, "Tuesday": {"order": 2, "closing_time": "16:00:00", "opening_time": "09:00:00"}, "Saturday": {"order": 6, "closing_time": "17:00:00", "opening_time": "10:00:00"}, "Thursday": {"order": 4, "closing_time": "16:30:00", "opening_time": "09:30:00"}, "Wednesday": {"order": 3, "closing_time": "17:00:00", "opening_time": "09:00:00"}}, "updated_at": "2024-04-17T22:42:11.000000Z", "category_id": 15, "description": "Voluptas quia."}}', NULL, '2024-04-18 01:42:11', '2024-04-18 01:42:11'),
(54, 'default', 'created', 'App\\Models\\Shop', 'created', 24, NULL, NULL, '{"attributes": {"id": 24, "city": "North Kristinaside", "name": "Rey Nitzsche", "address": "7549 Theresia Field Suite 473\\nLake Katrine, VT 90434-8338", "owner_id": 8, "created_at": "2024-04-17T22:42:11.000000Z", "deleted_at": null, "open_hours": {"Friday": {"order": 5, "closing_time": "19:00:00", "opening_time": "09:00:00"}, "Monday": {"order": 1, "closing_time": "21:00:00", "opening_time": "09:00:00"}, "Sunday": {"order": 7, "closing_time": "Closed", "opening_time": "Closed"}, "Tuesday": {"order": 2, "closing_time": "20:00:00", "opening_time": "09:00:00"}, "Saturday": {"order": 6, "closing_time": "22:00:00", "opening_time": "10:00:00"}, "Thursday": {"order": 4, "closing_time": "21:30:00", "opening_time": "09:30:00"}, "Wednesday": {"order": 3, "closing_time": "18:00:00", "opening_time": "09:00:00"}}, "updated_at": "2024-04-17T22:42:11.000000Z", "category_id": 13, "description": "Praesentium odio ipsa."}}', NULL, '2024-04-18 01:42:11', '2024-04-18 01:42:11'),
(55, 'default', 'created', 'App\\Models\\Shop', 'created', 25, NULL, NULL, '{"attributes": {"id": 25, "city": "Lake Luzmouth", "name": "Dr. Zion Schultz", "address": "51043 Klocko Place Apt. 431\\nNew Bonitaland, VA 07966", "owner_id": 9, "created_at": "2024-04-17T22:42:11.000000Z", "deleted_at": null, "open_hours": {"Friday": {"order": 5, "closing_time": "17:00:00", "opening_time": "09:00:00"}, "Monday": {"order": 1, "closing_time": "21:00:00", "opening_time": "09:00:00"}, "Sunday": {"order": 7, "closing_time": "Closed", "opening_time": "Closed"}, "Tuesday": {"order": 2, "closing_time": "19:00:00", "opening_time": "09:00:00"}, "Saturday": {"order": 6, "closing_time": "18:00:00", "opening_time": "10:00:00"}, "Thursday": {"order": 4, "closing_time": "16:30:00", "opening_time": "09:30:00"}, "Wednesday": {"order": 3, "closing_time": "21:00:00", "opening_time": "09:00:00"}}, "updated_at": "2024-04-17T22:42:11.000000Z", "category_id": 17, "description": "Beatae repellat in."}}', NULL, '2024-04-18 01:42:11', '2024-04-18 01:42:11'),
(56, 'default', 'created', 'App\\Models\\Shop', 'created', 26, NULL, NULL, '{"attributes": {"id": 26, "city": "Beermouth", "name": "Khalil Gaylord", "address": "9494 Becker Dam Apt. 298\\nLake Camylle, NM 60179-7875", "owner_id": 10, "created_at": "2024-04-17T22:42:11.000000Z", "deleted_at": null, "open_hours": {"Friday": {"order": 5, "closing_time": "17:00:00", "opening_time": "09:00:00"}, "Monday": {"order": 1, "closing_time": "21:00:00", "opening_time": "09:00:00"}, "Sunday": {"order": 7, "closing_time": "Closed", "opening_time": "Closed"}, "Tuesday": {"order": 2, "closing_time": "16:00:00", "opening_time": "09:00:00"}, "Saturday": {"order": 6, "closing_time": "20:00:00", "opening_time": "10:00:00"}, "Thursday": {"order": 4, "closing_time": "19:30:00", "opening_time": "09:30:00"}, "Wednesday": {"order": 3, "closing_time": "17:00:00", "opening_time": "09:00:00"}}, "updated_at": "2024-04-17T22:42:11.000000Z", "category_id": 2, "description": "Incidunt veniam."}}', NULL, '2024-04-18 01:42:11', '2024-04-18 01:42:11'),
(57, 'default', 'created', 'App\\Models\\Shop', 'created', 27, NULL, NULL, '{"attributes": {"id": 27, "city": "Dandretown", "name": "Abdul Jacobi", "address": "4608 Harvey Fork Suite 868\\nKeelingberg, ME 69055-9969", "owner_id": 10, "created_at": "2024-04-17T22:42:11.000000Z", "deleted_at": null, "open_hours": {"Friday": {"order": 5, "closing_time": "21:00:00", "opening_time": "09:00:00"}, "Monday": {"order": 1, "closing_time": "17:00:00", "opening_time": "09:00:00"}, "Sunday": {"order": 7, "closing_time": "Closed", "opening_time": "Closed"}, "Tuesday": {"order": 2, "closing_time": "16:00:00", "opening_time": "09:00:00"}, "Saturday": {"order": 6, "closing_time": "17:00:00", "opening_time": "10:00:00"}, "Thursday": {"order": 4, "closing_time": "16:30:00", "opening_time": "09:30:00"}, "Wednesday": {"order": 3, "closing_time": "18:00:00", "opening_time": "09:00:00"}}, "updated_at": "2024-04-17T22:42:11.000000Z", "category_id": 4, "description": "Maxime enim odit."}}', NULL, '2024-04-18 01:42:11', '2024-04-18 01:42:11'),
(58, 'default', 'created', 'App\\Models\\ShopOffer', 'created', 1, NULL, NULL, '{"attributes": {"id": 1, "name": "Delilah Treutel", "shop_id": 22, "created_at": "2024-04-17T22:42:12.000000Z", "deleted_at": null, "updated_at": "2024-04-17T22:42:12.000000Z", "description": "Cupiditate et repellat."}}', NULL, '2024-04-18 01:42:12', '2024-04-18 01:42:12'),
(59, 'default', 'created', 'App\\Models\\ShopOffer', 'created', 2, NULL, NULL, '{"attributes": {"id": 2, "name": "Ms. Isabelle Goldner V", "shop_id": 12, "created_at": "2024-04-17T22:42:12.000000Z", "deleted_at": null, "updated_at": "2024-04-17T22:42:12.000000Z", "description": "Ut debitis ab."}}', NULL, '2024-04-18 01:42:12', '2024-04-18 01:42:12'),
(60, 'default', 'created', 'App\\Models\\ShopOffer', 'created', 3, NULL, NULL, '{"attributes": {"id": 3, "name": "Ms. Maudie Mayert", "shop_id": 14, "created_at": "2024-04-17T22:42:12.000000Z", "deleted_at": null, "updated_at": "2024-04-17T22:42:12.000000Z", "description": "Soluta autem."}}', NULL, '2024-04-18 01:42:12', '2024-04-18 01:42:12'),
(61, 'default', 'created', 'App\\Models\\ShopOffer', 'created', 4, NULL, NULL, '{"attributes": {"id": 4, "name": "Prof. Blake Corkery I", "shop_id": 1, "created_at": "2024-04-17T22:42:12.000000Z", "deleted_at": null, "updated_at": "2024-04-17T22:42:12.000000Z", "description": "Consectetur omnis repudiandae."}}', NULL, '2024-04-18 01:42:12', '2024-04-18 01:42:12'),
(62, 'default', 'created', 'App\\Models\\ShopOffer', 'created', 5, NULL, NULL, '{"attributes": {"id": 5, "name": "Samson Stoltenberg Sr.", "shop_id": 7, "created_at": "2024-04-17T22:42:12.000000Z", "deleted_at": null, "updated_at": "2024-04-17T22:42:12.000000Z", "description": "Qui qui inventore."}}', NULL, '2024-04-18 01:42:13', '2024-04-18 01:42:13'),
(63, 'default', 'created', 'App\\Models\\ShopOffer', 'created', 6, NULL, NULL, '{"attributes": {"id": 6, "name": "Dillan Breitenberg", "shop_id": 12, "created_at": "2024-04-17T22:42:13.000000Z", "deleted_at": null, "updated_at": "2024-04-17T22:42:13.000000Z", "description": "Amet neque nesciunt."}}', NULL, '2024-04-18 01:42:13', '2024-04-18 01:42:13'),
(64, 'default', 'created', 'App\\Models\\ShopOffer', 'created', 7, NULL, NULL, '{"attributes": {"id": 7, "name": "Mrs. Cindy Stiedemann", "shop_id": 14, "created_at": "2024-04-17T22:42:13.000000Z", "deleted_at": null, "updated_at": "2024-04-17T22:42:13.000000Z", "description": "Alias doloribus ratione."}}', NULL, '2024-04-18 01:42:13', '2024-04-18 01:42:13'),
(65, 'default', 'created', 'App\\Models\\ShopOffer', 'created', 8, NULL, NULL, '{"attributes": {"id": 8, "name": "Jeanne Hirthe V", "shop_id": 1, "created_at": "2024-04-17T22:42:13.000000Z", "deleted_at": null, "updated_at": "2024-04-17T22:42:13.000000Z", "description": "Nobis maxime."}}', NULL, '2024-04-18 01:42:13', '2024-04-18 01:42:13'),
(66, 'default', 'created', 'App\\Models\\ShopOffer', 'created', 9, NULL, NULL, '{"attributes": {"id": 9, "name": "Sigmund Bednar", "shop_id": 1, "created_at": "2024-04-17T22:42:13.000000Z", "deleted_at": null, "updated_at": "2024-04-17T22:42:13.000000Z", "description": "Ad rem."}}', NULL, '2024-04-18 01:42:14', '2024-04-18 01:42:14'),
(67, 'default', 'created', 'App\\Models\\ShopOffer', 'created', 10, NULL, NULL, '{"attributes": {"id": 10, "name": "Donald Kautzer III", "shop_id": 7, "created_at": "2024-04-17T22:42:14.000000Z", "deleted_at": null, "updated_at": "2024-04-17T22:42:14.000000Z", "description": "Blanditiis quia."}}', NULL, '2024-04-18 01:42:14', '2024-04-18 01:42:14'),
(68, 'default', 'created', 'App\\Models\\ShopOffer', 'created', 11, NULL, NULL, '{"attributes": {"id": 11, "name": "Ms. Linnie Reilly", "shop_id": 4, "created_at": "2024-04-17T22:42:14.000000Z", "deleted_at": null, "updated_at": "2024-04-17T22:42:14.000000Z", "description": "Modi dolor."}}', NULL, '2024-04-18 01:42:14', '2024-04-18 01:42:14'),
(69, 'default', 'created', 'App\\Models\\ShopOffer', 'created', 12, NULL, NULL, '{"attributes": {"id": 12, "name": "Dr. Soledad Hegmann IV", "shop_id": 22, "created_at": "2024-04-17T22:42:14.000000Z", "deleted_at": null, "updated_at": "2024-04-17T22:42:14.000000Z", "description": "A et ipsum."}}', NULL, '2024-04-18 01:42:14', '2024-04-18 01:42:14'),
(70, 'default', 'created', 'App\\Models\\ShopOffer', 'created', 13, NULL, NULL, '{"attributes": {"id": 13, "name": "Donavon Marquardt", "shop_id": 4, "created_at": "2024-04-17T22:42:14.000000Z", "deleted_at": null, "updated_at": "2024-04-17T22:42:14.000000Z", "description": "Aliquam voluptas."}}', NULL, '2024-04-18 01:42:15', '2024-04-18 01:42:15'),
(71, 'default', 'created', 'App\\Models\\ShopOffer', 'created', 14, NULL, NULL, '{"attributes": {"id": 14, "name": "Alyson D''Amore", "shop_id": 27, "created_at": "2024-04-17T22:42:15.000000Z", "deleted_at": null, "updated_at": "2024-04-17T22:42:15.000000Z", "description": "Nihil illum."}}', NULL, '2024-04-18 01:42:15', '2024-04-18 01:42:15'),
(72, 'default', 'created', 'App\\Models\\User', 'created', 11, NULL, NULL, '{"attributes": {"id": 11, "name": "Shop owner", "email": "shopowner@gmail.com", "password": "$2y$12$1tDklfRMepN2RvbATKmYuOg3MF8AvZBGF33Df.dFRXRSlhAesTyQO", "created_at": "2024-04-17T22:42:49.000000Z", "updated_at": "2024-04-17T22:42:49.000000Z", "remember_token": null, "email_verified_at": null}}', NULL, '2024-04-18 01:42:49', '2024-04-18 01:42:49'),
(73, 'default', 'created', 'App\\Models\\Shop', 'created', 28, 'App\\Models\\User', 11, '{"attributes": {"id": 28, "city": "Some City Value", "name": "Shop Name", "address": "Some Address value", "owner_id": 11, "created_at": "2024-04-17T22:43:11.000000Z", "deleted_at": null, "open_hours": {"Friday": {"order": 5, "closing_time": "18:00:00", "opening_time": "09:00:00"}, "Monday": {"order": 1, "closing_time": "18:00:00", "opening_time": "09:00:00"}, "Sunday": {"order": 7, "closing_time": "18:00:00", "opening_time": "09:00:00"}, "Tuesday": {"order": 2, "closing_time": "18:00:00", "opening_time": "09:00:00"}, "Saturday": {"order": 6, "closing_time": "18:00:00", "opening_time": "09:00:00"}, "Thursday": {"order": 4, "closing_time": "18:00:00", "opening_time": "09:00:00"}, "Wednesday": {"order": 3, "closing_time": "18:00:00", "opening_time": "09:00:00"}}, "updated_at": "2024-04-17T22:43:11.000000Z", "category_id": 1, "description": "Some Description"}}', NULL, '2024-04-18 01:43:11', '2024-04-18 01:43:11');

INSERT INTO `agroapps_database`.`migrations` (`id`, `migration`, `batch`) VALUES
(1, '0001_01_01_000000_create_users_table', 1),
(2, '0001_01_01_000001_create_cache_table', 1),
(3, '0001_01_01_000002_create_jobs_table', 1),
(4, '2024_04_15_133936_create_personal_access_tokens_table', 1),
(5, '2024_04_15_135908_create_activity_log_table', 1),
(6, '2024_04_15_135909_add_event_column_to_activity_log_table', 1),
(7, '2024_04_15_135910_add_batch_uuid_column_to_activity_log_table', 1),
(8, '2024_04_15_172302_create_shop_categories_table', 1),
(9, '2024_04_15_172418_create_shops_table', 1),
(10, '2024_04_15_174025_create_shop_offers_table', 1);

INSERT INTO `agroapps_database`.`personal_access_tokens` (`id`, `tokenable_type`, `tokenable_id`, `name`, `token`, `abilities`, `last_used_at`, `expires_at`, `created_at`, `updated_at`) VALUES (1, 'App\\Models\\User', 11, 'm5hys9eZTkNkRkVvHn8vYeycbcN8IrTh', 'fb0801af553a214cd3efaa45a89b2e262e536ac47c7e67e9f88ae17c57c712f7', '["*"]', '2024-04-18 01:43:11', '2024-04-25 01:42:49', '2024-04-18 01:42:49', '2024-04-18 01:43:11');

INSERT INTO `agroapps_database`.`users` (`id`, `name`, `email`, `email_verified_at`, `password`, `remember_token`, `created_at`, `updated_at`) VALUES
(1, 'Kaleb Kuhn', 'marguerite12@example.net', '2024-04-18 01:42:07', '$2y$12$ViVFPExNTCxxRhumeOqJJeCFhJwtOemrTcW0LNvdOac0lnoYP2xNW', 'h7tM2uTeod', '2024-04-18 01:42:07', '2024-04-18 01:42:07'),
(2, 'Jodie Mertz', 'juvenal90@example.org', '2024-04-18 01:42:07', '$2y$12$ViVFPExNTCxxRhumeOqJJeCFhJwtOemrTcW0LNvdOac0lnoYP2xNW', '8BefnyYtvX', '2024-04-18 01:42:07', '2024-04-18 01:42:07'),
(3, 'Katlyn Rosenbaum', 'donnie.oberbrunner@example.net', '2024-04-18 01:42:07', '$2y$12$ViVFPExNTCxxRhumeOqJJeCFhJwtOemrTcW0LNvdOac0lnoYP2xNW', 'v9D5LtpGze', '2024-04-18 01:42:07', '2024-04-18 01:42:07'),
(4, 'Fiona Prohaska DVM', 'grace.frami@example.com', '2024-04-18 01:42:07', '$2y$12$ViVFPExNTCxxRhumeOqJJeCFhJwtOemrTcW0LNvdOac0lnoYP2xNW', 'sbpFNes1Y9', '2024-04-18 01:42:07', '2024-04-18 01:42:07'),
(5, 'Rex Shields', 'moen.drake@example.net', '2024-04-18 01:42:07', '$2y$12$ViVFPExNTCxxRhumeOqJJeCFhJwtOemrTcW0LNvdOac0lnoYP2xNW', 'nep1dh5qxG', '2024-04-18 01:42:07', '2024-04-18 01:42:07'),
(6, 'Shea Gleason', 'morissette.lia@example.com', '2024-04-18 01:42:07', '$2y$12$ViVFPExNTCxxRhumeOqJJeCFhJwtOemrTcW0LNvdOac0lnoYP2xNW', 'gKXVC5hfn0', '2024-04-18 01:42:07', '2024-04-18 01:42:07'),
(7, 'Garret Russel', 'adrien.swift@example.org', '2024-04-18 01:42:07', '$2y$12$ViVFPExNTCxxRhumeOqJJeCFhJwtOemrTcW0LNvdOac0lnoYP2xNW', 'kekXaV9EtR', '2024-04-18 01:42:07', '2024-04-18 01:42:07'),
(8, 'Zakary Yost', 'gleuschke@example.net', '2024-04-18 01:42:07', '$2y$12$ViVFPExNTCxxRhumeOqJJeCFhJwtOemrTcW0LNvdOac0lnoYP2xNW', 'EqT9Cgin4I', '2024-04-18 01:42:07', '2024-04-18 01:42:07'),
(9, 'Titus Rodriguez', 'michael18@example.net', '2024-04-18 01:42:07', '$2y$12$ViVFPExNTCxxRhumeOqJJeCFhJwtOemrTcW0LNvdOac0lnoYP2xNW', 'iL2YPzxitq', '2024-04-18 01:42:07', '2024-04-18 01:42:07'),
(10, 'Claudine Steuber', 'kennedi.lehner@example.com', '2024-04-18 01:42:07', '$2y$12$ViVFPExNTCxxRhumeOqJJeCFhJwtOemrTcW0LNvdOac0lnoYP2xNW', '5GiJ65e4zO', '2024-04-18 01:42:08', '2024-04-18 01:42:08'),
(11, 'Shop owner', 'shopowner@gmail.com', NULL, '$2y$12$1tDklfRMepN2RvbATKmYuOg3MF8AvZBGF33Df.dFRXRSlhAesTyQO', NULL, '2024-04-18 01:42:49', '2024-04-18 01:42:49');


INSERT INTO `agroapps_database`.`shop_categories` (`id`, `name`, `created_at`, `updated_at`, `deleted_at`) VALUES
(1, 'Category 1222502', '2024-04-18 01:42:10', '2024-04-18 01:42:10', NULL),
(2, 'Category 0', '2024-04-18 01:42:10', '2024-04-18 01:42:10', NULL),
(3, 'Category 959', '2024-04-18 01:42:10', '2024-04-18 01:42:10', NULL),
(4, 'Category 43', '2024-04-18 01:42:10', '2024-04-18 01:42:10', NULL),
(5, 'Category 56472938', '2024-04-18 01:42:10', '2024-04-18 01:42:10', NULL),
(6, 'Category 96', '2024-04-18 01:42:10', '2024-04-18 01:42:10', NULL),
(7, 'Category 610591099', '2024-04-18 01:42:10', '2024-04-18 01:42:10', NULL),
(8, 'Category 93', '2024-04-18 01:42:10', '2024-04-18 01:42:10', NULL),
(9, 'Category 43649', '2024-04-18 01:42:10', '2024-04-18 01:42:10', NULL),
(10, 'Category 8757', '2024-04-18 01:42:10', '2024-04-18 01:42:10', NULL),
(11, 'Category 7', '2024-04-18 01:42:10', '2024-04-18 01:42:10', NULL),
(12, 'Category 2', '2024-04-18 01:42:10', '2024-04-18 01:42:10', NULL),
(13, 'Category 241', '2024-04-18 01:42:10', '2024-04-18 01:42:10', NULL),
(14, 'Category 239051040', '2024-04-18 01:42:10', '2024-04-18 01:42:10', NULL),
(15, 'Category 62207057', '2024-04-18 01:42:10', '2024-04-18 01:42:10', NULL),
(16, 'Category 1715795', '2024-04-18 01:42:10', '2024-04-18 01:42:10', NULL),
(17, 'Category 67898775', '2024-04-18 01:42:10', '2024-04-18 01:42:10', NULL),
(18, 'Category 5', '2024-04-18 01:42:10', '2024-04-18 01:42:10', NULL),
(19, 'Category 41447', '2024-04-18 01:42:10', '2024-04-18 01:42:10', NULL),
(20, 'Category 19961', '2024-04-18 01:42:10', '2024-04-18 01:42:10', NULL);

INSERT INTO `agroapps_database`.`shops` (`id`, `name`, `owner_id`, `category_id`, `description`, `open_hours`, `city`, `address`, `created_at`, `updated_at`, `deleted_at`) VALUES
(1, 'Vesta Bednar', 1, 6, 'Aut nihil.', '{"Friday": {"order": 5, "closing_time": "19:00:00", "opening_time": "09:00:00"}, "Monday": {"order": 1, "closing_time": "17:00:00", "opening_time": "09:00:00"}, "Sunday": {"order": 7, "closing_time": "Closed", "opening_time": "Closed"}, "Tuesday": {"order": 2, "closing_time": "17:00:00", "opening_time": "09:00:00"}, "Saturday": {"order": 6, "closing_time": "21:00:00", "opening_time": "10:00:00"}, "Thursday": {"order": 4, "closing_time": "19:30:00", "opening_time": "09:30:00"}, "Wednesday": {"order": 3, "closing_time": "18:00:00", "opening_time": "09:00:00"}}', 'New Melvin', '6988 Sandy Gateway
Jessiemouth, MI 44878-7829', '2024-04-18 01:42:10', '2024-04-18 01:42:10', NULL),
(2, 'Mrs. Fanny Hegmann V', 1, 9, 'Ab officiis.', '{"Friday": {"order": 5, "closing_time": "19:00:00", "opening_time": "09:00:00"}, "Monday": {"order": 1, "closing_time": "19:00:00", "opening_time": "09:00:00"}, "Sunday": {"order": 7, "closing_time": "Closed", "opening_time": "Closed"}, "Tuesday": {"order": 2, "closing_time": "19:00:00", "opening_time": "09:00:00"}, "Saturday": {"order": 6, "closing_time": "17:00:00", "opening_time": "10:00:00"}, "Thursday": {"order": 4, "closing_time": "21:30:00", "opening_time": "09:30:00"}, "Wednesday": {"order": 3, "closing_time": "16:00:00", "opening_time": "09:00:00"}}', 'Volkmanville', '37637 Blanche Well
Brandyfort, WV 33855', '2024-04-18 01:42:10', '2024-04-18 01:42:10', NULL),
(3, 'Mr. Glen Rippin PhD', 1, 15, 'Amet dolorum.', '{"Friday": {"order": 5, "closing_time": "17:00:00", "opening_time": "09:00:00"}, "Monday": {"order": 1, "closing_time": "17:00:00", "opening_time": "09:00:00"}, "Sunday": {"order": 7, "closing_time": "Closed", "opening_time": "Closed"}, "Tuesday": {"order": 2, "closing_time": "17:00:00", "opening_time": "09:00:00"}, "Saturday": {"order": 6, "closing_time": "20:00:00", "opening_time": "10:00:00"}, "Thursday": {"order": 4, "closing_time": "18:30:00", "opening_time": "09:30:00"}, "Wednesday": {"order": 3, "closing_time": "16:00:00", "opening_time": "09:00:00"}}', 'North Hallie', '24693 Amani Plains Apt. 345
Mistymouth, CO 77902', '2024-04-18 01:42:10', '2024-04-18 01:42:10', NULL),
(4, 'Macie Beatty', 1, 5, 'Laudantium atque.', '{"Friday": {"order": 5, "closing_time": "18:00:00", "opening_time": "09:00:00"}, "Monday": {"order": 1, "closing_time": "18:00:00", "opening_time": "09:00:00"}, "Sunday": {"order": 7, "closing_time": "Closed", "opening_time": "Closed"}, "Tuesday": {"order": 2, "closing_time": "16:00:00", "opening_time": "09:00:00"}, "Saturday": {"order": 6, "closing_time": "18:00:00", "opening_time": "10:00:00"}, "Thursday": {"order": 4, "closing_time": "21:30:00", "opening_time": "09:30:00"}, "Wednesday": {"order": 3, "closing_time": "17:00:00", "opening_time": "09:00:00"}}', 'Marcelinotown', '6484 Jazmyne Port Suite 745
North Roxanne, UT 94921', '2024-04-18 01:42:10', '2024-04-18 01:42:10', NULL),
(5, 'Mayra Legros Jr.', 2, 5, 'Quam repellendus.', '{"Friday": {"order": 5, "closing_time": "19:00:00", "opening_time": "09:00:00"}, "Monday": {"order": 1, "closing_time": "19:00:00", "opening_time": "09:00:00"}, "Sunday": {"order": 7, "closing_time": "Closed", "opening_time": "Closed"}, "Tuesday": {"order": 2, "closing_time": "17:00:00", "opening_time": "09:00:00"}, "Saturday": {"order": 6, "closing_time": "17:00:00", "opening_time": "10:00:00"}, "Thursday": {"order": 4, "closing_time": "19:30:00", "opening_time": "09:30:00"}, "Wednesday": {"order": 3, "closing_time": "18:00:00", "opening_time": "09:00:00"}}', 'Erynburgh', '37746 Schoen Haven Apt. 452
Bashirianton, MS 06586', '2024-04-18 01:42:11', '2024-04-18 01:42:11', NULL),
(6, 'Mr. Giovanny Murray II', 2, 12, 'Incidunt et nesciunt.', '{"Friday": {"order": 5, "closing_time": "19:00:00", "opening_time": "09:00:00"}, "Monday": {"order": 1, "closing_time": "19:00:00", "opening_time": "09:00:00"}, "Sunday": {"order": 7, "closing_time": "Closed", "opening_time": "Closed"}, "Tuesday": {"order": 2, "closing_time": "19:00:00", "opening_time": "09:00:00"}, "Saturday": {"order": 6, "closing_time": "19:00:00", "opening_time": "10:00:00"}, "Thursday": {"order": 4, "closing_time": "21:30:00", "opening_time": "09:30:00"}, "Wednesday": {"order": 3, "closing_time": "20:00:00", "opening_time": "09:00:00"}}', 'South Octavia', '41868 Kutch Isle Suite 075
Port Eladioside, KS 74527', '2024-04-18 01:42:11', '2024-04-18 01:42:11', NULL),
(7, 'Mr. Ibrahim Sawayn MD', 3, 15, 'Architecto quisquam.', '{"Friday": {"order": 5, "closing_time": "19:00:00", "opening_time": "09:00:00"}, "Monday": {"order": 1, "closing_time": "17:00:00", "opening_time": "09:00:00"}, "Sunday": {"order": 7, "closing_time": "Closed", "opening_time": "Closed"}, "Tuesday": {"order": 2, "closing_time": "18:00:00", "opening_time": "09:00:00"}, "Saturday": {"order": 6, "closing_time": "18:00:00", "opening_time": "10:00:00"}, "Thursday": {"order": 4, "closing_time": "21:30:00", "opening_time": "09:30:00"}, "Wednesday": {"order": 3, "closing_time": "16:00:00", "opening_time": "09:00:00"}}', 'Lake Kaleyland', '668 Donnell Parkway Suite 907
East Eudoraview, OR 97401-3227', '2024-04-18 01:42:11', '2024-04-18 01:42:11', NULL),
(8, 'Neha Ebert', 3, 9, 'Optio necessitatibus.', '{"Friday": {"order": 5, "closing_time": "19:00:00", "opening_time": "09:00:00"}, "Monday": {"order": 1, "closing_time": "21:00:00", "opening_time": "09:00:00"}, "Sunday": {"order": 7, "closing_time": "Closed", "opening_time": "Closed"}, "Tuesday": {"order": 2, "closing_time": "19:00:00", "opening_time": "09:00:00"}, "Saturday": {"order": 6, "closing_time": "20:00:00", "opening_time": "10:00:00"}, "Thursday": {"order": 4, "closing_time": "19:30:00", "opening_time": "09:30:00"}, "Wednesday": {"order": 3, "closing_time": "19:00:00", "opening_time": "09:00:00"}}', 'North Daishaview', '356 Berta Parks Suite 057
Goodwinport, AL 77063', '2024-04-18 01:42:11', '2024-04-18 01:42:11', NULL),
(9, 'Prof. Erika Schamberger', 3, 16, 'Voluptatum veniam error.', '{"Friday": {"order": 5, "closing_time": "21:00:00", "opening_time": "09:00:00"}, "Monday": {"order": 1, "closing_time": "18:00:00", "opening_time": "09:00:00"}, "Sunday": {"order": 7, "closing_time": "Closed", "opening_time": "Closed"}, "Tuesday": {"order": 2, "closing_time": "16:00:00", "opening_time": "09:00:00"}, "Saturday": {"order": 6, "closing_time": "17:00:00", "opening_time": "10:00:00"}, "Thursday": {"order": 4, "closing_time": "17:30:00", "opening_time": "09:30:00"}, "Wednesday": {"order": 3, "closing_time": "21:00:00", "opening_time": "09:00:00"}}', 'Beahanside', '5182 Ebert Plains
New Aleneland, IL 34307-2576', '2024-04-18 01:42:11', '2024-04-18 01:42:11', NULL),
(10, 'Prof. Greyson Tromp II', 3, 7, 'Consequatur quam.', '{"Friday": {"order": 5, "closing_time": "19:00:00", "opening_time": "09:00:00"}, "Monday": {"order": 1, "closing_time": "17:00:00", "opening_time": "09:00:00"}, "Sunday": {"order": 7, "closing_time": "Closed", "opening_time": "Closed"}, "Tuesday": {"order": 2, "closing_time": "17:00:00", "opening_time": "09:00:00"}, "Saturday": {"order": 6, "closing_time": "21:00:00", "opening_time": "10:00:00"}, "Thursday": {"order": 4, "closing_time": "17:30:00", "opening_time": "09:30:00"}, "Wednesday": {"order": 3, "closing_time": "17:00:00", "opening_time": "09:00:00"}}', 'Starkville', '57474 Margaretta Valleys
East D''angelo, VT 48305-9781', '2024-04-18 01:42:11', '2024-04-18 01:42:11', NULL),
(11, 'Tyrique Stracke Jr.', 4, 2, 'Quae eligendi.', '{"Friday": {"order": 5, "closing_time": "16:00:00", "opening_time": "09:00:00"}, "Monday": {"order": 1, "closing_time": "21:00:00", "opening_time": "09:00:00"}, "Sunday": {"order": 7, "closing_time": "Closed", "opening_time": "Closed"}, "Tuesday": {"order": 2, "closing_time": "18:00:00", "opening_time": "09:00:00"}, "Saturday": {"order": 6, "closing_time": "19:00:00", "opening_time": "10:00:00"}, "Thursday": {"order": 4, "closing_time": "20:30:00", "opening_time": "09:30:00"}, "Wednesday": {"order": 3, "closing_time": "20:00:00", "opening_time": "09:00:00"}}', 'Zulaufland', '15322 King Bridge Suite 589
Keyshawnborough, LA 27413', '2024-04-18 01:42:11', '2024-04-18 01:42:11', NULL),
(12, 'Wilfredo Heathcote Jr.', 4, 18, 'Quisquam at veritatis.', '{"Friday": {"order": 5, "closing_time": "18:00:00", "opening_time": "09:00:00"}, "Monday": {"order": 1, "closing_time": "21:00:00", "opening_time": "09:00:00"}, "Sunday": {"order": 7, "closing_time": "Closed", "opening_time": "Closed"}, "Tuesday": {"order": 2, "closing_time": "21:00:00", "opening_time": "09:00:00"}, "Saturday": {"order": 6, "closing_time": "18:00:00", "opening_time": "10:00:00"}, "Thursday": {"order": 4, "closing_time": "20:30:00", "opening_time": "09:30:00"}, "Wednesday": {"order": 3, "closing_time": "20:00:00", "opening_time": "09:00:00"}}', 'Mullermouth', '85083 Sylvester Vista Suite 645
South Ariannabury, MA 09932', '2024-04-18 01:42:11', '2024-04-18 01:42:11', NULL),
(13, 'Prof. Giles Cartwright', 4, 13, 'Molestiae et est.', '{"Friday": {"order": 5, "closing_time": "19:00:00", "opening_time": "09:00:00"}, "Monday": {"order": 1, "closing_time": "19:00:00", "opening_time": "09:00:00"}, "Sunday": {"order": 7, "closing_time": "Closed", "opening_time": "Closed"}, "Tuesday": {"order": 2, "closing_time": "17:00:00", "opening_time": "09:00:00"}, "Saturday": {"order": 6, "closing_time": "21:00:00", "opening_time": "10:00:00"}, "Thursday": {"order": 4, "closing_time": "16:30:00", "opening_time": "09:30:00"}, "Wednesday": {"order": 3, "closing_time": "18:00:00", "opening_time": "09:00:00"}}', 'Tylerhaven', '801 Volkman Parkway
North Alfredohaven, TN 19244-1937', '2024-04-18 01:42:11', '2024-04-18 01:42:11', NULL),
(14, 'Prof. Velda Hirthe PhD', 5, 2, 'Similique veritatis dolore.', '{"Friday": {"order": 5, "closing_time": "21:00:00", "opening_time": "09:00:00"}, "Monday": {"order": 1, "closing_time": "16:00:00", "opening_time": "09:00:00"}, "Sunday": {"order": 7, "closing_time": "Closed", "opening_time": "Closed"}, "Tuesday": {"order": 2, "closing_time": "18:00:00", "opening_time": "09:00:00"}, "Saturday": {"order": 6, "closing_time": "22:00:00", "opening_time": "10:00:00"}, "Thursday": {"order": 4, "closing_time": "19:30:00", "opening_time": "09:30:00"}, "Wednesday": {"order": 3, "closing_time": "16:00:00", "opening_time": "09:00:00"}}', 'West Eltamouth', '84411 Towne Station Apt. 611
Lelachester, MT 94210', '2024-04-18 01:42:11', '2024-04-18 01:42:11', NULL),
(15, 'Mrs. Tierra Ebert I', 5, 17, 'Laborum odit.', '{"Friday": {"order": 5, "closing_time": "19:00:00", "opening_time": "09:00:00"}, "Monday": {"order": 1, "closing_time": "20:00:00", "opening_time": "09:00:00"}, "Sunday": {"order": 7, "closing_time": "Closed", "opening_time": "Closed"}, "Tuesday": {"order": 2, "closing_time": "17:00:00", "opening_time": "09:00:00"}, "Saturday": {"order": 6, "closing_time": "18:00:00", "opening_time": "10:00:00"}, "Thursday": {"order": 4, "closing_time": "19:30:00", "opening_time": "09:30:00"}, "Wednesday": {"order": 3, "closing_time": "18:00:00", "opening_time": "09:00:00"}}', 'Marlonburgh', '802 Elvera Oval
Lake Jammie, MN 83239-3192', '2024-04-18 01:42:11', '2024-04-18 01:42:11', NULL),
(16, 'Madonna Fritsch', 5, 5, 'Et sit quidem.', '{"Friday": {"order": 5, "closing_time": "21:00:00", "opening_time": "09:00:00"}, "Monday": {"order": 1, "closing_time": "20:00:00", "opening_time": "09:00:00"}, "Sunday": {"order": 7, "closing_time": "Closed", "opening_time": "Closed"}, "Tuesday": {"order": 2, "closing_time": "17:00:00", "opening_time": "09:00:00"}, "Saturday": {"order": 6, "closing_time": "22:00:00", "opening_time": "10:00:00"}, "Thursday": {"order": 4, "closing_time": "16:30:00", "opening_time": "09:30:00"}, "Wednesday": {"order": 3, "closing_time": "17:00:00", "opening_time": "09:00:00"}}', 'Lake Annachester', '317 Dach Ranch Apt. 599
Port Sophie, MT 15699', '2024-04-18 01:42:11', '2024-04-18 01:42:11', NULL),
(17, 'Mrs. Alexandra Stracke MD', 6, 15, 'Molestias modi dolores.', '{"Friday": {"order": 5, "closing_time": "17:00:00", "opening_time": "09:00:00"}, "Monday": {"order": 1, "closing_time": "16:00:00", "opening_time": "09:00:00"}, "Sunday": {"order": 7, "closing_time": "Closed", "opening_time": "Closed"}, "Tuesday": {"order": 2, "closing_time": "19:00:00", "opening_time": "09:00:00"}, "Saturday": {"order": 6, "closing_time": "21:00:00", "opening_time": "10:00:00"}, "Thursday": {"order": 4, "closing_time": "18:30:00", "opening_time": "09:30:00"}, "Wednesday": {"order": 3, "closing_time": "16:00:00", "opening_time": "09:00:00"}}', 'Bobbiechester', '803 Vernie Plains Suite 696
Kaelaborough, KS 34202-7402', '2024-04-18 01:42:11', '2024-04-18 01:42:11', NULL),
(18, 'Shyann Ortiz', 6, 14, 'Nihil quia.', '{"Friday": {"order": 5, "closing_time": "21:00:00", "opening_time": "09:00:00"}, "Monday": {"order": 1, "closing_time": "18:00:00", "opening_time": "09:00:00"}, "Sunday": {"order": 7, "closing_time": "Closed", "opening_time": "Closed"}, "Tuesday": {"order": 2, "closing_time": "21:00:00", "opening_time": "09:00:00"}, "Saturday": {"order": 6, "closing_time": "22:00:00", "opening_time": "10:00:00"}, "Thursday": {"order": 4, "closing_time": "16:30:00", "opening_time": "09:30:00"}, "Wednesday": {"order": 3, "closing_time": "17:00:00", "opening_time": "09:00:00"}}', 'Schustermouth', '523 Emile Isle Suite 390
Erdmanbury, NJ 62606-2687', '2024-04-18 01:42:11', '2024-04-18 01:42:11', NULL),
(19, 'Conner Conn IV', 6, 13, 'Cupiditate inventore qui.', '{"Friday": {"order": 5, "closing_time": "16:00:00", "opening_time": "09:00:00"}, "Monday": {"order": 1, "closing_time": "17:00:00", "opening_time": "09:00:00"}, "Sunday": {"order": 7, "closing_time": "Closed", "opening_time": "Closed"}, "Tuesday": {"order": 2, "closing_time": "17:00:00", "opening_time": "09:00:00"}, "Saturday": {"order": 6, "closing_time": "20:00:00", "opening_time": "10:00:00"}, "Thursday": {"order": 4, "closing_time": "18:30:00", "opening_time": "09:30:00"}, "Wednesday": {"order": 3, "closing_time": "20:00:00", "opening_time": "09:00:00"}}', 'Legrosmouth', '9495 Bogan Summit
Faymouth, NV 70314', '2024-04-18 01:42:11', '2024-04-18 01:42:11', NULL),
(20, 'Laurianne Sporer', 7, 11, 'Voluptas eveniet id.', '{"Friday": {"order": 5, "closing_time": "21:00:00", "opening_time": "09:00:00"}, "Monday": {"order": 1, "closing_time": "18:00:00", "opening_time": "09:00:00"}, "Sunday": {"order": 7, "closing_time": "Closed", "opening_time": "Closed"}, "Tuesday": {"order": 2, "closing_time": "21:00:00", "opening_time": "09:00:00"}, "Saturday": {"order": 6, "closing_time": "19:00:00", "opening_time": "10:00:00"}, "Thursday": {"order": 4, "closing_time": "19:30:00", "opening_time": "09:30:00"}, "Wednesday": {"order": 3, "closing_time": "17:00:00", "opening_time": "09:00:00"}}', 'Russelside', '71083 Luz Haven Suite 628
New Matildehaven, OK 21595', '2024-04-18 01:42:11', '2024-04-18 01:42:11', NULL),
(21, 'Arvilla Toy DDS', 7, 18, 'Doloribus aut.', '{"Friday": {"order": 5, "closing_time": "16:00:00", "opening_time": "09:00:00"}, "Monday": {"order": 1, "closing_time": "17:00:00", "opening_time": "09:00:00"}, "Sunday": {"order": 7, "closing_time": "Closed", "opening_time": "Closed"}, "Tuesday": {"order": 2, "closing_time": "19:00:00", "opening_time": "09:00:00"}, "Saturday": {"order": 6, "closing_time": "20:00:00", "opening_time": "10:00:00"}, "Thursday": {"order": 4, "closing_time": "17:30:00", "opening_time": "09:30:00"}, "Wednesday": {"order": 3, "closing_time": "20:00:00", "opening_time": "09:00:00"}}', 'O''Connermouth', '52111 Mateo Canyon Suite 442
Lorenzhaven, MI 17179-7235', '2024-04-18 01:42:11', '2024-04-18 01:42:11', NULL),
(22, 'Kianna Herman', 7, 8, 'Praesentium nobis aut.', '{"Friday": {"order": 5, "closing_time": "18:00:00", "opening_time": "09:00:00"}, "Monday": {"order": 1, "closing_time": "21:00:00", "opening_time": "09:00:00"}, "Sunday": {"order": 7, "closing_time": "Closed", "opening_time": "Closed"}, "Tuesday": {"order": 2, "closing_time": "17:00:00", "opening_time": "09:00:00"}, "Saturday": {"order": 6, "closing_time": "17:00:00", "opening_time": "10:00:00"}, "Thursday": {"order": 4, "closing_time": "18:30:00", "opening_time": "09:30:00"}, "Wednesday": {"order": 3, "closing_time": "19:00:00", "opening_time": "09:00:00"}}', 'Port Bridgetteburgh', '572 Tito Lock
Port Shanon, NE 87373-3852', '2024-04-18 01:42:11', '2024-04-18 01:42:11', NULL),
(23, 'Saige Stiedemann', 8, 15, 'Voluptas quia.', '{"Friday": {"order": 5, "closing_time": "16:00:00", "opening_time": "09:00:00"}, "Monday": {"order": 1, "closing_time": "18:00:00", "opening_time": "09:00:00"}, "Sunday": {"order": 7, "closing_time": "Closed", "opening_time": "Closed"}, "Tuesday": {"order": 2, "closing_time": "16:00:00", "opening_time": "09:00:00"}, "Saturday": {"order": 6, "closing_time": "17:00:00", "opening_time": "10:00:00"}, "Thursday": {"order": 4, "closing_time": "16:30:00", "opening_time": "09:30:00"}, "Wednesday": {"order": 3, "closing_time": "17:00:00", "opening_time": "09:00:00"}}', 'Turcotteton', '508 King Flat Suite 165
Lake Guillermoburgh, WV 65510-1774', '2024-04-18 01:42:11', '2024-04-18 01:42:11', NULL),
(24, 'Rey Nitzsche', 8, 13, 'Praesentium odio ipsa.', '{"Friday": {"order": 5, "closing_time": "19:00:00", "opening_time": "09:00:00"}, "Monday": {"order": 1, "closing_time": "21:00:00", "opening_time": "09:00:00"}, "Sunday": {"order": 7, "closing_time": "Closed", "opening_time": "Closed"}, "Tuesday": {"order": 2, "closing_time": "20:00:00", "opening_time": "09:00:00"}, "Saturday": {"order": 6, "closing_time": "22:00:00", "opening_time": "10:00:00"}, "Thursday": {"order": 4, "closing_time": "21:30:00", "opening_time": "09:30:00"}, "Wednesday": {"order": 3, "closing_time": "18:00:00", "opening_time": "09:00:00"}}', 'North Kristinaside', '7549 Theresia Field Suite 473
Lake Katrine, VT 90434-8338', '2024-04-18 01:42:11', '2024-04-18 01:42:11', NULL),
(25, 'Dr. Zion Schultz', 9, 17, 'Beatae repellat in.', '{"Friday": {"order": 5, "closing_time": "17:00:00", "opening_time": "09:00:00"}, "Monday": {"order": 1, "closing_time": "21:00:00", "opening_time": "09:00:00"}, "Sunday": {"order": 7, "closing_time": "Closed", "opening_time": "Closed"}, "Tuesday": {"order": 2, "closing_time": "19:00:00", "opening_time": "09:00:00"}, "Saturday": {"order": 6, "closing_time": "18:00:00", "opening_time": "10:00:00"}, "Thursday": {"order": 4, "closing_time": "16:30:00", "opening_time": "09:30:00"}, "Wednesday": {"order": 3, "closing_time": "21:00:00", "opening_time": "09:00:00"}}', 'Lake Luzmouth', '51043 Klocko Place Apt. 431
New Bonitaland, VA 07966', '2024-04-18 01:42:11', '2024-04-18 01:42:11', NULL),
(26, 'Khalil Gaylord', 10, 2, 'Incidunt veniam.', '{"Friday": {"order": 5, "closing_time": "17:00:00", "opening_time": "09:00:00"}, "Monday": {"order": 1, "closing_time": "21:00:00", "opening_time": "09:00:00"}, "Sunday": {"order": 7, "closing_time": "Closed", "opening_time": "Closed"}, "Tuesday": {"order": 2, "closing_time": "16:00:00", "opening_time": "09:00:00"}, "Saturday": {"order": 6, "closing_time": "20:00:00", "opening_time": "10:00:00"}, "Thursday": {"order": 4, "closing_time": "19:30:00", "opening_time": "09:30:00"}, "Wednesday": {"order": 3, "closing_time": "17:00:00", "opening_time": "09:00:00"}}', 'Beermouth', '9494 Becker Dam Apt. 298
Lake Camylle, NM 60179-7875', '2024-04-18 01:42:11', '2024-04-18 01:42:11', NULL),
(27, 'Abdul Jacobi', 10, 4, 'Maxime enim odit.', '{"Friday": {"order": 5, "closing_time": "21:00:00", "opening_time": "09:00:00"}, "Monday": {"order": 1, "closing_time": "17:00:00", "opening_time": "09:00:00"}, "Sunday": {"order": 7, "closing_time": "Closed", "opening_time": "Closed"}, "Tuesday": {"order": 2, "closing_time": "16:00:00", "opening_time": "09:00:00"}, "Saturday": {"order": 6, "closing_time": "17:00:00", "opening_time": "10:00:00"}, "Thursday": {"order": 4, "closing_time": "16:30:00", "opening_time": "09:30:00"}, "Wednesday": {"order": 3, "closing_time": "18:00:00", "opening_time": "09:00:00"}}', 'Dandretown', '4608 Harvey Fork Suite 868
Keelingberg, ME 69055-9969', '2024-04-18 01:42:11', '2024-04-18 01:42:11', NULL),
(28, 'Shop Name', 11, 1, 'Some Description', '{"Friday": {"order": 5, "closing_time": "18:00:00", "opening_time": "09:00:00"}, "Monday": {"order": 1, "closing_time": "18:00:00", "opening_time": "09:00:00"}, "Sunday": {"order": 7, "closing_time": "18:00:00", "opening_time": "09:00:00"}, "Tuesday": {"order": 2, "closing_time": "18:00:00", "opening_time": "09:00:00"}, "Saturday": {"order": 6, "closing_time": "18:00:00", "opening_time": "09:00:00"}, "Thursday": {"order": 4, "closing_time": "18:00:00", "opening_time": "09:00:00"}, "Wednesday": {"order": 3, "closing_time": "18:00:00", "opening_time": "09:00:00"}}', 'Some City Value', 'Some Address value', '2024-04-18 01:43:11', '2024-04-18 01:43:11', NULL);

INSERT INTO `agroapps_database`.`shop_offers` (`id`, `name`, `description`, `shop_id`, `created_at`, `updated_at`, `deleted_at`) VALUES
(1, 'Delilah Treutel', 'Cupiditate et repellat.', 22, '2024-04-18 01:42:12', '2024-04-18 01:42:12', NULL),
(2, 'Ms. Isabelle Goldner V', 'Ut debitis ab.', 12, '2024-04-18 01:42:12', '2024-04-18 01:42:12', NULL),
(3, 'Ms. Maudie Mayert', 'Soluta autem.', 14, '2024-04-18 01:42:12', '2024-04-18 01:42:12', NULL),
(4, 'Prof. Blake Corkery I', 'Consectetur omnis repudiandae.', 1, '2024-04-18 01:42:12', '2024-04-18 01:42:12', NULL),
(5, 'Samson Stoltenberg Sr.', 'Qui qui inventore.', 7, '2024-04-18 01:42:12', '2024-04-18 01:42:12', NULL),
(6, 'Dillan Breitenberg', 'Amet neque nesciunt.', 12, '2024-04-18 01:42:13', '2024-04-18 01:42:13', NULL),
(7, 'Mrs. Cindy Stiedemann', 'Alias doloribus ratione.', 14, '2024-04-18 01:42:13', '2024-04-18 01:42:13', NULL),
(8, 'Jeanne Hirthe V', 'Nobis maxime.', 1, '2024-04-18 01:42:13', '2024-04-18 01:42:13', NULL),
(9, 'Sigmund Bednar', 'Ad rem.', 1, '2024-04-18 01:42:13', '2024-04-18 01:42:13', NULL),
(10, 'Donald Kautzer III', 'Blanditiis quia.', 7, '2024-04-18 01:42:14', '2024-04-18 01:42:14', NULL),
(11, 'Ms. Linnie Reilly', 'Modi dolor.', 4, '2024-04-18 01:42:14', '2024-04-18 01:42:14', NULL),
(12, 'Dr. Soledad Hegmann IV', 'A et ipsum.', 22, '2024-04-18 01:42:14', '2024-04-18 01:42:14', NULL),
(13, 'Donavon Marquardt', 'Aliquam voluptas.', 4, '2024-04-18 01:42:14', '2024-04-18 01:42:14', NULL),
(14, 'Alyson D''Amore', 'Nihil illum.', 27, '2024-04-18 01:42:15', '2024-04-18 01:42:15', NULL);
